Date,Function,Bullish Asset vs Total Asset (%),Bullish Signal vs Total Signal (%),Total New Long Signal,Last 6 Month Top 10 Percentile No of Long Signal,Total New Short Signal,Last 6 Month Top 10 Percentile No of Short Signal,Today Long Signal Percentile From Top (Last 6 Month),Today Short Signal Percentile From Top (Last 6 Month)
2026-01-18,FRACTAL TRACK,3.77%,85.71%,,,,,,
2026-01-18,OSCILLATOR DELTA,0.0%,0%,,,,,,
2026-01-18,DELTADRIFT,1.26%,100.0%,,,,,,
2026-01-18,TRENDPULSE,3.77%,100.0%,,,,,,
2026-01-18,SIGMASHELL,0.0%,0%,,,,,,
2026-01-18,PULSEGAUGE,0.0%,0%,,,,,,
2026-01-18,BASELINEDIVERGENCE,0.0%,0%,,,,,,
2026-01-18,All Function Combined,8.81%,93.33%,,,,,,
2026-01-17,FRACTAL TRACK,3.77%,85.71%,,,,,,
2026-01-17,OSCILLATOR DELTA,0.0%,0%,,,,,,
2026-01-17,DELTADRIFT,1.26%,100.0%,,,,,,
2026-01-17,TRENDPULSE,3.77%,100.0%,,,,,,
2026-01-17,SIGMASHELL,0.0%,0%,,,,,,
2026-01-17,PULSEGAUGE,0.0%,0%,,,,,,
2026-01-17,BASELINEDIVERGENCE,0.0%,0%,,,,,,
2026-01-17,All Function Combined,8.81%,93.33%,,,,,,
2026-01-16,FRACTAL TRACK,0.63%,33.33%,,,,,,
2026-01-16,OSCILLATOR DELTA,0.63%,100.0%,,,,,,
2026-01-16,DELTADRIFT,0.0%,0%,,,,,,
2026-01-16,TRENDPULSE,2.52%,100.0%,,,,,,
2026-01-16,SIGMASHELL,0.0%,0%,,,,,,
2026-01-16,PULSEGAUGE,0.0%,0%,,,,,,
2026-01-16,BASELINEDIVERGENCE,0.0%,0%,,,,,,
2026-01-16,All Function Combined,3.77%,75.0%,,,,,,
2026-01-13,FRACTAL TRACK,1.26%,50.0%,,,,,,
2026-01-13,OSCILLATOR DELTA,0.0%,0%,,,,,,
2026-01-13,DELTADRIFT,1.26%,100.0%,,,,,,
2026-01-13,TRENDPULSE,6.92%,100.0%,,,,,,
2026-01-13,SIGMASHELL,0.0%,0%,,,,,,
2026-01-13,PULSEGAUGE,0.0%,0%,,,,,,
2026-01-13,BASELINEDIVERGENCE,0.0%,0%,,,,,,
2026-01-13,All Function Combined,8.81%,88.24%,,,,,,
2026-01-11,FRACTAL TRACK,1.26%,50.0%,,,,,,
2026-01-11,OSCILLATOR DELTA,0.63%,100.0%,,,,,,
2026-01-11,DELTADRIFT,0.0%,0%,,,,,,
2026-01-11,TRENDPULSE,4.4%,100.0%,,,,,,
2026-01-11,SIGMASHELL,0.0%,0%,,,,,,
2026-01-11,PULSEGAUGE,0.0%,0%,,,,,,
2026-01-11,BASELINEDIVERGENCE,0.0%,0%,,,,,,
2026-01-11,All Function Combined,6.29%,83.33%,,,,,,
2026-01-10,FRACTAL TRACK,1.26%,50.0%,,,,,,
2026-01-10,OSCILLATOR DELTA,0.63%,100.0%,,,,,,
2026-01-10,DELTADRIFT,0.0%,0%,,,,,,
2026-01-10,TRENDPULSE,4.4%,100.0%,,,,,,
2026-01-10,SIGMASHELL,0.0%,0%,,,,,,
2026-01-10,PULSEGAUGE,0.0%,0%,,,,,,
2026-01-10,BASELINEDIVERGENCE,0.0%,0%,,,,,,
2026-01-10,All Function Combined,6.29%,83.33%,,,,,,
2026-01-09,FRACTAL TRACK,0.63%,50.0%,,,,,,
2026-01-09,OSCILLATOR DELTA,0.0%,0%,,,,,,
2026-01-09,DELTADRIFT,0.0%,0%,,,,,,
2026-01-09,TRENDPULSE,0.63%,100.0%,,,,,,
2026-01-09,SIGMASHELL,0.0%,0%,,,,,,
2026-01-09,PULSEGAUGE,0.0%,0%,,,,,,
2026-01-09,BASELINEDIVERGENCE,0.0%,0%,,,,,,
2026-01-09,All Function Combined,0.63%,66.67%,,,,,,
2026-01-08,FRACTAL TRACK,0.63%,100.0%,,,,,,
2026-01-08,OSCILLATOR DELTA,0.63%,100.0%,,,,,,
2026-01-08,DELTADRIFT,0.0%,0%,,,,,,
2026-01-08,TRENDPULSE,1.89%,100.0%,,,,,,
2026-01-08,SIGMASHELL,0.0%,0%,,,,,,
2026-01-08,PULSEGAUGE,0.0%,0%,,,,,,
2026-01-08,BASELINEDIVERGENCE,0.0%,0%,,,,,,
2026-01-08,All Function Combined,3.14%,100.0%,,,,,,
2026-01-07,FRACTAL TRACK,1.89%,100.0%,,,,,,
2026-01-07,OSCILLATOR DELTA,0.0%,0%,,,,,,
2026-01-07,DELTADRIFT,0.0%,0%,,,,,,
2026-01-07,TRENDPULSE,5.66%,100.0%,,,,,,
2026-01-07,SIGMASHELL,0.0%,0%,,,,,,
2026-01-07,PULSEGAUGE,0.0%,0%,,,,,,
2026-01-07,BASELINEDIVERGENCE,0.0%,0%,,,,,,
2026-01-07,All Function Combined,6.29%,100.0%,,,,,,
2026-01-06,FRACTAL TRACK,0.0%,0%,,,,,,
2026-01-06,OSCILLATOR DELTA,0.0%,0%,,,,,,
2026-01-06,DELTADRIFT,0.0%,0%,,,,,,
2026-01-06,TRENDPULSE,1.26%,100.0%,,,,,,
2026-01-06,SIGMASHELL,0.0%,0%,,,,,,
2026-01-06,PULSEGAUGE,0.0%,0%,,,,,,
2026-01-06,BASELINEDIVERGENCE,0.0%,0%,,,,,,
2026-01-06,All Function Combined,1.26%,100.0%,,,,,,
2026-01-04,FRACTAL TRACK,3.77%,100.0%,,,,,,
2026-01-04,OSCILLATOR DELTA,0.63%,100.0%,,,,,,
2026-01-04,DELTADRIFT,0.63%,100.0%,,,,,,
2026-01-04,TRENDPULSE,1.26%,100.0%,,,,,,
2026-01-04,SIGMASHELL,0.63%,100.0%,,,,,,
2026-01-04,PULSEGAUGE,0.0%,0%,,,,,,
2026-01-04,BASELINEDIVERGENCE,0.0%,0%,,,,,,
2026-01-04,All Function Combined,6.29%,100.0%,,,,,,
2026-01-03,FRACTAL TRACK,3.77%,100.0%,,,,,,
2026-01-03,OSCILLATOR DELTA,0.63%,100.0%,,,,,,
2026-01-03,DELTADRIFT,0.63%,100.0%,,,,,,
2026-01-03,TRENDPULSE,1.26%,100.0%,,,,,,
2026-01-03,SIGMASHELL,0.63%,100.0%,,,,,,
2026-01-03,PULSEGAUGE,0.0%,0%,,,,,,
2026-01-03,BASELINEDIVERGENCE,0.0%,0%,,,,,,
2026-01-03,All Function Combined,6.29%,100.0%,,,,,,
2026-01-02,FRACTAL TRACK,0.0%,0%,,,,,,
2026-01-02,OSCILLATOR DELTA,0.0%,0%,,,,,,
2026-01-02,DELTADRIFT,0.0%,0%,,,,,,
2026-01-02,TRENDPULSE,0.0%,0%,,,,,,
2026-01-02,SIGMASHELL,0.0%,0%,,,,,,
2026-01-02,PULSEGAUGE,0.0%,0%,,,,,,
2026-01-02,BASELINEDIVERGENCE,0.0%,0%,,,,,,
2026-01-02,All Function Combined,0.0%,0%,,,,,,
2026-01-01,FRACTAL TRACK,3.14%,55.56%,,,,,,
2026-01-01,OSCILLATOR DELTA,0.0%,0%,,,,,,
2026-01-01,DELTADRIFT,0.0%,0%,,,,,,
2026-01-01,TRENDPULSE,5.03%,100.0%,,,,,,
2026-01-01,SIGMASHELL,0.0%,0%,,,,,,
2026-01-01,PULSEGAUGE,0.0%,0%,,,,,,
2026-01-01,BASELINEDIVERGENCE,0.0%,0%,,,,,,
2026-01-01,All Function Combined,7.55%,76.47%,,,,,,
2025-12-31,FRACTAL TRACK,0.0%,0.0%,,,,,,
2025-12-31,OSCILLATOR DELTA,0.0%,0%,,,,,,
2025-12-31,DELTADRIFT,0.63%,100.0%,,,,,,
2025-12-31,TRENDPULSE,1.26%,100.0%,,,,,,
2025-12-31,SIGMASHELL,0.0%,0%,,,,,,
2025-12-31,PULSEGAUGE,0.0%,0%,,,,,,
2025-12-31,BASELINEDIVERGENCE,0.0%,0%,,,,,,
2025-12-31,All Function Combined,1.89%,42.86%,,,,,,
2025-12-30,FRACTAL TRACK,0.63%,25.0%,,,,,,
2025-12-30,OSCILLATOR DELTA,0.0%,0%,,,,,,
2025-12-30,DELTADRIFT,0.0%,0%,,,,,,
2025-12-30,TRENDPULSE,1.26%,100.0%,,,,,,
2025-12-30,SIGMASHELL,0.0%,0%,,,,,,
2025-12-30,PULSEGAUGE,0.0%,0%,,,,,,
2025-12-30,BASELINEDIVERGENCE,0.0%,0%,,,,,,
2025-12-30,All Function Combined,1.89%,50.0%,,,,,,
2025-12-28,FRACTAL TRACK,2.52%,57.14%,,,,,,
2025-12-28,OSCILLATOR DELTA,0.0%,0%,,,,,,
2025-12-28,DELTADRIFT,0.63%,100.0%,,,,,,
2025-12-28,TRENDPULSE,4.4%,87.5%,,,,,,
2025-12-28,SIGMASHELL,0.0%,0%,,,,,,
2025-12-28,PULSEGAUGE,0.0%,0%,,,,,,
2025-12-28,BASELINEDIVERGENCE,0.0%,0%,,,,,,
2025-12-28,All Function Combined,7.55%,75.0%,,,,,,
2025-12-27,FRACTAL TRACK,2.52%,57.14%,,,,,,
2025-12-27,OSCILLATOR DELTA,0.0%,0%,,,,,,
2025-12-27,DELTADRIFT,0.63%,100.0%,,,,,,
2025-12-27,TRENDPULSE,4.4%,87.5%,,,,,,
2025-12-27,SIGMASHELL,0.0%,0%,,,,,,
2025-12-27,PULSEGAUGE,0.0%,0%,,,,,,
2025-12-27,BASELINEDIVERGENCE,0.0%,0%,,,,,,
2025-12-27,All Function Combined,7.55%,75.0%,,,,,,
2025-12-26,FRACTAL TRACK,0.0%,0.0%,,,,,,
2025-12-26,OSCILLATOR DELTA,0.0%,0%,,,,,,
2025-12-26,DELTADRIFT,0.0%,0%,,,,,,
2025-12-26,TRENDPULSE,0.0%,0%,,,,,,
2025-12-26,SIGMASHELL,0.0%,0%,,,,,,
2025-12-26,PULSEGAUGE,0.0%,0%,,,,,,
2025-12-26,BASELINEDIVERGENCE,0.0%,0%,,,,,,
2025-12-26,All Function Combined,0.0%,0.0%,,,,,,
2025-12-25,FRACTAL TRACK,1.26%,40.0%,,,,,,
2025-12-25,OSCILLATOR DELTA,0.0%,0%,,,,,,
2025-12-25,DELTADRIFT,0.63%,100.0%,,,,,,
2025-12-25,TRENDPULSE,0.0%,0%,,,,,,
2025-12-25,SIGMASHELL,0.0%,0%,,,,,,
2025-12-25,PULSEGAUGE,0.0%,0%,,,,,,
2025-12-25,BASELINEDIVERGENCE,0.0%,0%,,,,,,
2025-12-25,All Function Combined,1.89%,50.0%,,,,,,
2025-12-24,FRACTAL TRACK,0.63%,25.0%,,,,,,
2025-12-24,OSCILLATOR DELTA,0.63%,100.0%,,,,,,
2025-12-24,DELTADRIFT,0.0%,0%,,,,,,
2025-12-24,TRENDPULSE,0.0%,0%,,,,,,
2025-12-24,SIGMASHELL,0.0%,0%,,,,,,
2025-12-24,PULSEGAUGE,0.0%,0%,,,,,,
2025-12-24,BASELINEDIVERGENCE,0.0%,0%,,,,,,
2025-12-24,All Function Combined,1.26%,40.0%,,,,,,
2025-12-23,FRACTAL TRACK,0.0%,0.0%,,,,,,
2025-12-23,OSCILLATOR DELTA,0.0%,0%,,,,,,
2025-12-23,DELTADRIFT,1.26%,100.0%,,,,,,
2025-12-23,TRENDPULSE,1.26%,100.0%,,,,,,
2025-12-23,SIGMASHELL,0.0%,0%,,,,,,
2025-12-23,PULSEGAUGE,0.0%,0%,,,,,,
2025-12-23,BASELINEDIVERGENCE,0.0%,0%,,,,,,
2025-12-23,All Function Combined,2.52%,57.14%,,,,,,
2025-12-21,FRACTAL TRACK,5.03%,72.73%,,,,,,
2025-12-21,OSCILLATOR DELTA,0.0%,0%,,,,,,
2025-12-21,DELTADRIFT,0.0%,0%,,,,,,
2025-12-21,TRENDPULSE,3.77%,100.0%,,,,,,
2025-12-21,SIGMASHELL,0.0%,0%,,,,,,
2025-12-21,PULSEGAUGE,0.0%,0%,,,,,,
2025-12-21,BASELINEDIVERGENCE,0.0%,0%,,,,,,
2025-12-21,All Function Combined,8.81%,82.35%,,,,,,
2025-12-20,FRACTAL TRACK,5.03%,72.73%,,,,,,
2025-12-20,OSCILLATOR DELTA,0.0%,0%,,,,,,
2025-12-20,DELTADRIFT,0.0%,0%,,,,,,
2025-12-20,TRENDPULSE,3.77%,100.0%,,,,,,
2025-12-20,SIGMASHELL,0.0%,0%,,,,,,
2025-12-20,PULSEGAUGE,0.0%,0%,,,,,,
2025-12-20,BASELINEDIVERGENCE,0.0%,0%,,,,,,
2025-12-20,All Function Combined,8.81%,82.35%,,,,,,
2025-12-19,FRACTAL TRACK,3.14%,62.5%,,,,,,
2025-12-19,OSCILLATOR DELTA,0.63%,100.0%,,,,,,
2025-12-19,DELTADRIFT,0.0%,0%,,,,,,
2025-12-19,TRENDPULSE,1.26%,100.0%,,,,,,
2025-12-19,SIGMASHELL,0.0%,0%,,,,,,
2025-12-19,PULSEGAUGE,0.0%,0%,,,,,,
2025-12-19,BASELINEDIVERGENCE,0.0%,0%,,,,,,
2025-12-19,All Function Combined,5.03%,72.73%,,,,,,
2025-12-18,FRACTAL TRACK,0.63%,25.0%,,,,,,
2025-12-18,OSCILLATOR DELTA,0.0%,0%,,,,,,
2025-12-18,DELTADRIFT,0.0%,0%,,,,,,
2025-12-18,TRENDPULSE,0.0%,0%,,,,,,
2025-12-18,SIGMASHELL,0.0%,0%,,,,,,
2025-12-18,PULSEGAUGE,0.0%,0%,,,,,,
2025-12-18,BASELINEDIVERGENCE,0.0%,0%,,,,,,
2025-12-18,All Function Combined,0.63%,25.0%,,,,,,
2025-12-14,FRACTAL TRACK,5.1%,72.73%,,,,,,
2025-12-14,OSCILLATOR DELTA,0.0%,0%,,,,,,
2025-12-14,DELTADRIFT,0.64%,100.0%,,,,,,
2025-12-14,TRENDPULSE,2.55%,100.0%,,,,,,
2025-12-14,SIGMASHELL,0.0%,0%,,,,,,
2025-12-14,PULSEGAUGE,0.0%,0%,,,,,,
2025-12-14,BASELINEDIVERGENCE,0.0%,0%,,,,,,
2025-12-14,All Function Combined,8.28%,81.25%,,,,,,
2025-12-13,FRACTAL TRACK,5.1%,72.73%,,,,,,
2025-12-13,OSCILLATOR DELTA,0.0%,0%,,,,,,
2025-12-13,DELTADRIFT,0.64%,100.0%,,,,,,
2025-12-13,TRENDPULSE,2.55%,100.0%,,,,,,
2025-12-13,SIGMASHELL,0.0%,0%,,,,,,
2025-12-13,PULSEGAUGE,0.0%,0%,,,,,,
2025-12-13,BASELINEDIVERGENCE,0.0%,0%,,,,,,
2025-12-13,All Function Combined,8.28%,81.25%,,,,,,
2025-12-12,FRACTAL TRACK,3.18%,62.5%,,,,,,
2025-12-12,OSCILLATOR DELTA,0.0%,0%,,,,,,
2025-12-12,DELTADRIFT,0.64%,100.0%,,,,,,
2025-12-12,TRENDPULSE,1.27%,100.0%,,,,,,
2025-12-12,SIGMASHELL,0.0%,0%,,,,,,
2025-12-12,PULSEGAUGE,0.0%,0%,,,,,,
2025-12-12,BASELINEDIVERGENCE,0.0%,0%,,,,,,
2025-12-12,All Function Combined,5.1%,72.73%,,,,,,
2025-12-11,FRACTAL TRACK,0.0%,0.0%,,,,,,
2025-12-11,OSCILLATOR DELTA,0.0%,0%,,,,,,
2025-12-11,DELTADRIFT,1.27%,100.0%,,,,,,
2025-12-11,TRENDPULSE,1.91%,100.0%,,,,,,
2025-12-11,SIGMASHELL,0.0%,0%,,,,,,
2025-12-11,PULSEGAUGE,0.0%,0%,,,,,,
2025-12-11,BASELINEDIVERGENCE,0.0%,0%,,,,,,
2025-12-11,All Function Combined,3.18%,62.5%,,,,,,
2025-12-10,FRACTAL TRACK,0.0%,0.0%,,,,,,
2025-12-10,OSCILLATOR DELTA,0.0%,0.0%,,,,,,
2025-12-10,DELTADRIFT,0.0%,0%,,,,,,
2025-12-10,BAND MATRIX,0.0%,0%,,,,,,
2025-12-10,SIGMASHELL,0.0%,0%,,,,,,
2025-12-10,PULSEGAUGE,0.0%,0%,,,,,,
2025-12-10,BASELINEDIVERGENCE,0.0%,0%,,,,,,
2025-12-10,All Function Combined,0.0%,0.0%,,,,,,
2025-12-09,FRACTAL TRACK,0.0%,0.0%,,,,,,
2025-12-09,OSCILLATOR DELTA,0.0%,0.0%,,,,,,
2025-12-09,DELTADRIFT,0.0%,0%,,,,,,
2025-12-09,SIGMASHELL,0.0%,0%,,,,,,
2025-12-09,PULSEGAUGE,0.0%,0%,,,,,,
2025-12-09,BASELINEDIVERGENCE,0.0%,0%,,,,,,
2025-12-09,All Function Combined,0.0%,0.0%,,,,,,
2025-12-07,FRACTAL TRACK,4.46%,63.64%,,,,,,
2025-12-07,OSCILLATOR DELTA,0.0%,0%,,,,,,
2025-12-07,DELTADRIFT,0.64%,100.0%,,,,,,
2025-12-07,TRENDPULSE,5.1%,100.0%,,,,,,
2025-12-07,SIGMASHELL,0.0%,0%,,,,,,
2025-12-07,PULSEGAUGE,0.0%,0%,,,,,,
2025-12-07,BASELINEDIVERGENCE,0.0%,0%,,,,,,
2025-12-07,All Function Combined,10.19%,80.0%,,,,,,
2025-12-06,FRACTAL TRACK,4.46%,63.64%,,,,,,
2025-12-06,OSCILLATOR DELTA,0.0%,0%,,,,,,
2025-12-06,DELTADRIFT,0.64%,100.0%,,,,,,
2025-12-06,TRENDPULSE,5.1%,100.0%,,,,,,
2025-12-06,SIGMASHELL,0.0%,0%,,,,,,
2025-12-06,PULSEGAUGE,0.0%,0%,,,,,,
2025-12-06,BASELINEDIVERGENCE,0.0%,0%,,,,,,
2025-12-06,All Function Combined,10.19%,80.0%,,,,,,
2025-12-05,FRACTAL TRACK,1.91%,50.0%,,,,,,
2025-12-05,OSCILLATOR DELTA,0.0%,0%,,,,,,
2025-12-05,DELTADRIFT,0.0%,0%,,,,,,
2025-12-05,TRENDPULSE,1.27%,100.0%,,,,,,
2025-12-05,SIGMASHELL,0.64%,100.0%,,,,,,
2025-12-05,PULSEGAUGE,0.0%,0%,,,,,,
2025-12-05,BASELINEDIVERGENCE,0.0%,0%,,,,,,
2025-12-05,All Function Combined,3.82%,66.67%,,,,,,
2025-12-04,FRACTAL TRACK,0.64%,25.0%,,,,,,
2025-12-04,OSCILLATOR DELTA,0.64%,100.0%,,,,,,
2025-12-04,DELTADRIFT,0.0%,0%,,,,,,
2025-12-04,TRENDPULSE,1.91%,100.0%,,,,,,
2025-12-04,SIGMASHELL,0.64%,100.0%,,,,,,
2025-12-04,PULSEGAUGE,0.0%,0%,,,,,,
2025-12-04,BASELINEDIVERGENCE,0.0%,0%,,,,,,
2025-12-04,All Function Combined,3.82%,66.67%,,,,,,
2025-12-03,FRACTAL TRACK,0.64%,25.0%,,,,,,
2025-12-03,OSCILLATOR DELTA,0.64%,100.0%,,,,,,
2025-12-03,DELTADRIFT,0.0%,0%,,,,,,
2025-12-03,TRENDPULSE,0.64%,100.0%,,,,,,
2025-12-03,PULSEGAUGE,0.0%,0%,,,,,,
2025-12-03,BASELINEDIVERGENCE,0.0%,0%,,,,,,
2025-12-03,All Function Combined,1.91%,50.0%,,,,,,
2025-12-02,FRACTAL TRACK,0.0%,0.0%,,,,,,
2025-12-02,OSCILLATOR DELTA,1.27%,100.0%,,,,,,
2025-12-02,DELTADRIFT,0.0%,0%,,,,,,
2025-12-02,TRENDPULSE,1.27%,100.0%,,,,,,
2025-12-02,SIGMASHELL,0.0%,0%,,,,,,
2025-12-02,PULSEGAUGE,0.0%,0%,,,,,,
2025-12-02,BASELINEDIVERGENCE,0.0%,0%,,,,,,
2025-12-02,All Function Combined,2.55%,66.67%,,,,,,
2025-11-30,FRACTAL TRACK,3.18%,50.0%,,,,,,
2025-11-30,OSCILLATOR DELTA,0.64%,100.0%,,,,,,
2025-11-30,DELTADRIFT,0.0%,0%,,,,,,
2025-11-30,TRENDPULSE,5.73%,100.0%,,,,,,
2025-11-30,SIGMASHELL,0.0%,0%,,,,,,
2025-11-30,PULSEGAUGE,0.0%,0%,,,,,,
2025-11-30,BASELINEDIVERGENCE,0.64%,100.0%,,,,,,
2025-11-30,All Function Combined,10.19%,76.19%,,,,,,
2025-11-29,FRACTAL TRACK,3.18%,50.0%,,,,,,
2025-11-29,OSCILLATOR DELTA,0.64%,100.0%,,,,,,
2025-11-29,DELTADRIFT,0.0%,0%,,,,,,
2025-11-29,TRENDPULSE,5.73%,100.0%,,,,,,
2025-11-29,SIGMASHELL,0.0%,0%,,,,,,
2025-11-29,PULSEGAUGE,0.0%,0%,,,,,,
2025-11-29,BASELINEDIVERGENCE,0.64%,100.0%,,,,,,
2025-11-29,All Function Combined,10.19%,76.19%,,,,,,
2025-11-27,FRACTAL TRACK,0.64%,16.67%,,,,,,
2025-11-27,OSCILLATOR DELTA,0.0%,0%,,,,,,
2025-11-27,DELTADRIFT,0.0%,0%,,,,,,
2025-11-27,BAND MATRIX,0.0%,0%,,,,,,
2025-11-27,TRENDPULSE,0.0%,0%,,,,,,
2025-11-27,SIGMASHELL,0.0%,0%,,,,,,
2025-11-27,PULSEGAUGE,0.0%,0%,,,,,,
2025-11-27,BASELINEDIVERGENCE,0.0%,0%,,,,,,
2025-11-27,All Function Combined,0.64%,16.67%,,,,,,
2025-11-26,FRACTAL TRACK,0.64%,16.67%,,,,,,
2025-11-26,OSCILLATOR DELTA,0.0%,0%,,,,,,
2025-11-26,DELTADRIFT,0.0%,0%,,,,,,
2025-11-26,BAND MATRIX,0.0%,0%,,,,,,
2025-11-26,TRENDPULSE,0.0%,0%,,,,,,
2025-11-26,SIGMASHELL,0.0%,0%,,,,,,
2025-11-26,PULSEGAUGE,0.0%,0%,,,,,,
2025-11-26,BASELINEDIVERGENCE,0.0%,0%,,,,,,
2025-11-26,All Function Combined,0.64%,16.67%,,,,,,
2025-11-25,FRACTAL TRACK,1.27%,28.57%,,,,,,
2025-11-25,OSCILLATOR DELTA,0.0%,0%,,,,,,
2025-11-25,DELTADRIFT,0.0%,0%,,,,,,
2025-11-25,BAND MATRIX,0.0%,0%,,,,,,
2025-11-25,TRENDPULSE,0.64%,100.0%,,,,,,
2025-11-25,SIGMASHELL,0.0%,0%,,,,,,
2025-11-25,PULSEGAUGE,0.0%,0%,,,,,,
2025-11-25,BASELINEDIVERGENCE,0.0%,0%,,,,,,
2025-11-25,All Function Combined,1.91%,37.5%,,,,,,
2025-11-21,FRACTAL TRACK,2.55%,50.0%,,,,,,
2025-11-21,OSCILLATOR DELTA,0.64%,100.0%,,,,,,
2025-11-21,DELTADRIFT,0.0%,0%,,,,,,
2025-11-21,BAND MATRIX,3.82%,100.0%,,,,,,
2025-11-21,TRENDPULSE,0.0%,0%,,,,,,
2025-11-21,SIGMASHELL,0.0%,0%,,,,,,
2025-11-21,PULSEGAUGE,0.0%,0%,,,,,,
2025-11-21,BASELINEDIVERGENCE,0.0%,0%,,,,,,
2025-11-21,All Function Combined,7.01%,73.33%,,,,,,
2025-11-19,FRACTAL TRACK,2.55%,57.14%,,,,,,
2025-11-19,OSCILLATOR DELTA,0.0%,0%,,,,,,
2025-11-19,DELTADRIFT,0.64%,100.0%,,,,,,
2025-11-19,BAND MATRIX,2.55%,100.0%,,,,,,
2025-11-19,TRENDPULSE,1.27%,100.0%,,,,,,
2025-11-19,SIGMASHELL,0.64%,100.0%,,,,,,
2025-11-19,PULSEGAUGE,0.0%,0%,,,,,,
2025-11-19,BASELINEDIVERGENCE,0.0%,0%,,,,,,
2025-11-19,All Function Combined,7.64%,80.0%,,,,,,
2025-11-18,FRACTAL TRACK,2.55%,57.14%,,,,,,
2025-11-18,OSCILLATOR DELTA,0.0%,0%,,,,,,
2025-11-18,DELTADRIFT,0.0%,0%,,,,,,
2025-11-18,BAND MATRIX,2.55%,100.0%,,,,,,
2025-11-18,TRENDPULSE,0.64%,100.0%,,,,,,
2025-11-18,SIGMASHELL,0.64%,100.0%,,,,,,
2025-11-18,PULSEGAUGE,0.0%,0%,,,,,,
2025-11-18,BASELINEDIVERGENCE,0.0%,0%,,,,,,
2025-11-18,All Function Combined,6.37%,76.92%,,,,,,
2025-11-15,FRACTAL TRACK,0.64%,50.0%,,,,,,
2025-11-15,OSCILLATOR DELTA,0.0%,0%,,,,,,
2025-11-15,DELTADRIFT,0.0%,0%,,,,,,
2025-11-15,BAND MATRIX,0.0%,0%,,,,,,
2025-11-15,TRENDPULSE,1.91%,100.0%,,,,,,
2025-11-15,SIGMASHELL,0.0%,0%,,,,,,
2025-11-15,PULSEGAUGE,0.0%,0%,,,,,,
2025-11-15,BASELINEDIVERGENCE,0.0%,0%,,,,,,
2025-11-15,All Function Combined,2.55%,80.0%,,,,,,
2025-11-13,FRACTAL TRACK,0.64%,33.33%,,,,,,
2025-11-13,OSCILLATOR DELTA,1.27%,100.0%,,,,,,
2025-11-13,DELTADRIFT,0.64%,100.0%,,,,,,
2025-11-13,BAND MATRIX,0.0%,0%,,,,,,
2025-11-13,TRENDPULSE,3.82%,100.0%,,,,,,
2025-11-13,SIGMASHELL,0.0%,0%,,,,,,
2025-11-13,PULSEGAUGE,0.0%,0%,,,,,,
2025-11-13,BASELINEDIVERGENCE,0.0%,0%,,,,,,
2025-11-13,All Function Combined,5.73%,83.33%,,,,,,
2025-11-12,FRACTAL TRACK,3.18%,83.33%,,,,,,
2025-11-12,OSCILLATOR DELTA,1.91%,100.0%,,,,,,
2025-11-12,DELTADRIFT,0.0%,0%,,,,,,
2025-11-12,BAND MATRIX,0.0%,0%,,,,,,
2025-11-12,TRENDPULSE,1.91%,100.0%,,,,,,
2025-11-12,SIGMASHELL,0.0%,0%,,,,,,
2025-11-12,PULSEGAUGE,0.0%,0%,,,,,,
2025-11-12,BASELINEDIVERGENCE,0.0%,0%,,,,,,
2025-11-12,All Function Combined,6.37%,91.67%,,,,,,
2025-11-11,FRACTAL TRACK,1.27%,66.67%,,,,,,
2025-11-11,OSCILLATOR DELTA,1.91%,100.0%,,,,,,
2025-11-11,DELTADRIFT,1.27%,100.0%,,,,,,
2025-11-11,TRENDPULSE,0.0%,0%,,,,,,
2025-11-11,SIGMASHELL,0.0%,0%,,,,,,
2025-11-11,PULSEGAUGE,0.0%,0%,,,,,,
2025-11-11,BASELINEDIVERGENCE,0.0%,0%,,,,,,
2025-11-11,All Function Combined,3.82%,87.5%,,,,,,
2025-11-08,FRACTAL TRACK,2.55%,80.0%,,,,,,
2025-11-08,OSCILLATOR DELTA,0.64%,100.0%,,,,,,
2025-11-08,DELTADRIFT,0.0%,0%,,,,,,
2025-11-08,TRENDPULSE,0.64%,100.0%,,,,,,
2025-11-08,SIGMASHELL,0.0%,0%,,,,,,
2025-11-08,PULSEGAUGE,0.0%,0%,,,,,,
2025-11-08,BASELINEDIVERGENCE,0.64%,100.0%,,,,,,
2025-11-08,All Function Combined,3.82%,87.5%,,,,,,
2025-11-07,FRACTAL TRACK,3.82%,100.0%,,,,,,
2025-11-07,OSCILLATOR DELTA,0.64%,100.0%,,,,,,
2025-11-07,DELTADRIFT,0.0%,0%,,,,,,
2025-11-07,TRENDPULSE,0.0%,0%,,,,,,
2025-11-07,SIGMASHELL,0.0%,0%,,,,,,
2025-11-07,PULSEGAUGE,0.0%,0%,,,,,,
2025-11-07,BASELINEDIVERGENCE,0.0%,0%,,,,,,
2025-11-07,All Function Combined,3.82%,100.0%,,,,,,
2025-11-06,FRACTAL TRACK,1.91%,100.0%,,,,,,
2025-11-06,OSCILLATOR DELTA,1.27%,100.0%,,,,,,
2025-11-06,DELTADRIFT,0.0%,0%,,,,,,
2025-11-06,TRENDPULSE,0.64%,100.0%,,,,,,
2025-11-06,SIGMASHELL,0.0%,0%,,,,,,
2025-11-06,PULSEGAUGE,0.0%,0%,,,,,,
2025-11-06,BASELINEDIVERGENCE,0.0%,0%,,,,,,
2025-11-06,All Function Combined,3.82%,100.0%,,,,,,
2025-11-04,FRACTAL TRACK,0.0%,0%,,,,,,
2025-11-04,OSCILLATOR DELTA,0.0%,0%,,,,,,
2025-11-04,DELTADRIFT,0.0%,0%,,,,,,
2025-11-04,BAND MATRIX,0.0%,0%,,,,,,
2025-11-04,TRENDPULSE,0.0%,0%,,,,,,
2025-11-04,SIGMASHELL,0.0%,0%,,,,,,
2025-11-04,PULSEGAUGE,0.0%,0%,,,,,,
2025-11-04,BASELINEDIVERGENCE,0.0%,0%,,,,,,
2025-11-04,All Function Combined,0.0%,0%,,,,,,
2025-10-29,FRACTAL TRACK,0.63%,25.0%,,,,,,
2025-10-29,OSCILLATOR DELTA,0.0%,0%,,,,,,
2025-10-29,SIGMASHELL,0.0%,0%,,,,,,
2025-10-29,TRENDPULSE,0.63%,100.0%,,,,,,
2025-10-29,PULSEGAUGE,0.0%,0%,,,,,,
2025-10-29,All Function Combined,1.27%,40.0%,,,,,,
2025-10-28,FRACTAL TRACK,0.0%,0.0%,,,,,,
2025-10-28,OSCILLATOR DELTA,0.0%,0%,,,,,,
2025-10-28,SIGMASHELL,0.0%,0%,,,,,,
2025-10-28,TRENDPULSE,0.63%,100.0%,,,,,,
2025-10-28,PULSEGAUGE,0.0%,0%,,,,,,
2025-10-28,BASELINEDIVERGENCE,0.0%,0%,,,,,,
2025-10-28,All Function Combined,0.63%,33.33%,,,,,,
2025-10-26,FRACTAL TRACK,6.33%,83.33%,,,,,,
2025-10-26,OSCILLATOR DELTA,0.0%,0%,,,,,,
2025-10-26,SIGMASHELL,0.0%,0%,,,,,,
2025-10-26,TRENDPULSE,0.63%,100.0%,,,,,,
2025-10-26,PULSEGAUGE,0.0%,0%,,,,,,
2025-10-26,BASELINEDIVERGENCE,0.0%,0%,,,,,,
2025-10-26,All Function Combined,6.96%,84.62%,,,,,,
2025-10-25,FRACTAL TRACK,6.33%,83.33%,,,,,,
2025-10-25,OSCILLATOR DELTA,0.0%,0%,,,,,,
2025-10-25,SIGMASHELL,0.0%,0%,,,,,,
2025-10-25,TRENDPULSE,0.63%,100.0%,,,,,,
2025-10-25,PULSEGAUGE,0.0%,0%,,,,,,
2025-10-25,BASELINEDIVERGENCE,0.0%,0%,,,,,,
2025-10-25,All Function Combined,6.96%,84.62%,,,,,,
2025-10-24,FRACTAL TRACK,0.63%,33.33%,,,,,,
2025-10-24,OSCILLATOR DELTA,0.0%,0%,,,,,,
2025-10-24,SIGMASHELL,0.0%,0%,,,,,,
2025-10-24,TRENDPULSE,0.0%,0%,,,,,,
2025-10-24,PULSEGAUGE,0.0%,0%,,,,,,
2025-10-24,BASELINEDIVERGENCE,0.0%,0%,,,,,,
2025-10-24,All Function Combined,0.63%,33.33%,,,,,,
2025-10-23,FRACTAL TRACK,0.63%,50.0%,,,,,,
2025-10-23,OSCILLATOR DELTA,0.63%,100.0%,,,,,,
2025-10-23,SIGMASHELL,0.0%,0%,,,,,,
2025-10-23,TRENDPULSE,0.0%,0%,,,,,,
2025-10-23,PULSEGAUGE,0.0%,0%,,,,,,
2025-10-23,BASELINEDIVERGENCE,0.0%,0%,,,,,,
2025-10-23,All Function Combined,1.27%,66.67%,,,,,,
2025-10-22,FRACTAL TRACK,3.8%,100.0%,,,,,,
2025-10-22,OSCILLATOR DELTA,0.63%,100.0%,,,,,,
2025-10-22,SIGMASHELL,0.0%,0%,,,,,,
2025-10-22,TRENDPULSE,0.0%,0%,,,,,,
2025-10-22,PULSEGAUGE,0.0%,0%,,,,,,
2025-10-22,BASELINEDIVERGENCE,0.0%,0%,,,,,,
2025-10-22,All Function Combined,4.43%,100.0%,,,,,,
2025-10-21,FRACTAL TRACK,1.9%,100.0%,,,,,,
2025-10-21,OSCILLATOR DELTA,2.53%,100.0%,,,,,,
2025-10-21,SIGMASHELL,0.0%,0%,,,,,,
2025-10-21,TRENDPULSE,0.0%,0%,,,,,,
2025-10-21,PULSEGAUGE,0.0%,0%,,,,,,
2025-10-21,BASELINEDIVERGENCE,0.0%,0%,,,,,,
2025-10-21,All Function Combined,3.16%,100.0%,,,,,,
2025-10-19,FRACTAL TRACK,1.27%,66.67%,,,,,,
2025-10-19,OSCILLATOR DELTA,0.0%,0%,,,,,,
2025-10-19,DELTADRIFT,0.63%,100.0%,,,,,,
2025-10-19,BAND MATRIX,0.63%,100.0%,,,,,,
2025-10-19,SIGMASHELL,0.0%,0%,,,,,,
2025-10-19,TRENDPULSE,0.63%,100.0%,,,,,,
2025-10-19,PULSEGAUGE,0.0%,0%,,,,,,
2025-10-19,BASELINEDIVERGENCE,0.0%,0%,,,,,,
2025-10-19,All Function Combined,3.16%,83.33%,,,,,,
2025-10-18,FRACTAL TRACK,1.27%,66.67%,,,,,,
2025-10-18,OSCILLATOR DELTA,0.0%,0%,,,,,,
2025-10-18,DELTADRIFT,0.63%,100.0%,,,,,,
2025-10-18,BAND MATRIX,0.63%,100.0%,,,,,,
2025-10-18,SIGMASHELL,0.0%,0%,,,,,,
2025-10-18,TRENDPULSE,0.63%,100.0%,,,,,,
2025-10-18,PULSEGAUGE,0.0%,0%,,,,,,
2025-10-18,BASELINEDIVERGENCE,0.0%,0%,,,,,,
2025-10-18,All Function Combined,3.16%,83.33%,,,,,,
2025-10-17,FRACTAL TRACK,8.23%,92.86%,,,,,,
2025-10-17,OSCILLATOR DELTA,0.63%,100.0%,,,,,,
2025-10-17,DELTADRIFT,0.63%,100.0%,,,,,,
2025-10-17,BAND MATRIX,0.0%,0%,,,,,,
2025-10-17,SIGMASHELL,0.0%,0%,,,,,,
2025-10-17,TRENDPULSE,0.0%,0%,,,,,,
2025-10-17,PULSEGAUGE,0.0%,0%,,,,,,
2025-10-17,BASELINEDIVERGENCE,0.0%,0%,,,,,,
2025-10-17,All Function Combined,8.86%,93.75%,,,,,,
2025-10-16,FRACTAL TRACK,0.63%,50.0%,,,,,,
2025-10-16,OSCILLATOR DELTA,1.9%,100.0%,,,,,,
2025-10-16,BAND MATRIX,0.0%,0%,,,,,,
2025-10-16,DELTADRIFT,0.0%,0%,,,,,,
2025-10-16,SIGMASHELL,0.0%,0%,,,,,,
2025-10-16,TRENDPULSE,1.27%,100.0%,,,,,,
2025-10-16,PULSEGAUGE,0.0%,0%,,,,,,
2025-10-16,BASELINEDIVERGENCE,0.0%,0%,,,,,,
2025-10-16,All Function Combined,3.8%,85.71%,,,,,,
2025-10-15,FRACTAL TRACK,0.63%,100.0%,,,,,,
2025-10-15,OSCILLATOR DELTA,0.0%,0%,,,,,,
2025-10-15,BAND MATRIX,0.0%,0%,,,,,,
2025-10-15,DELTADRIFT,0.0%,0%,,,,,,
2025-10-15,SIGMASHELL,0.0%,0%,,,,,,
2025-10-15,TRENDPULSE,0.0%,0%,,,,,,
2025-10-15,PULSEGAUGE,0.0%,0%,,,,,,
2025-10-15,BASELINEDIVERGENCE,0.0%,0%,,,,,,
2025-10-15,All Function Combined,0.63%,100.0%,,,,,,
2025-10-14,FRACTAL TRACK,0.0%,0%,,,,,,
2025-10-14,OSCILLATOR DELTA,0.0%,0%,,,,,,
2025-10-14,BAND MATRIX,0.0%,0%,,,,,,
2025-10-14,DELTADRIFT,0.0%,0%,,,,,,
2025-10-14,SIGMASHELL,0.0%,0%,,,,,,
2025-10-14,TRENDPULSE,0.0%,0%,,,,,,
2025-10-14,PULSEGAUGE,0.0%,0%,,,,,,
2025-10-14,BASELINEDIVERGENCE,0.0%,0%,,,,,,
2025-10-14,All Function Combined,0.0%,0%,,,,,,
2026-01-28,FRACTAL TRACK,0.0%,0%,,,,,,
2026-01-28,DELTADRIFT,0.0%,0.0%,,,,,,
2026-01-28,TRENDPULSE,1.89%,100.0%,,,,,,
2026-01-28,OSCILLATOR DELTA,0.0%,0%,,,,,,
2026-01-28,BAND MATRIX,0.0%,0%,,,,,,
2026-01-28,SIGMASHELL,0.0%,0%,,,,,,
2026-01-28,PULSEGAUGE,0.0%,0%,,,,,,
2026-01-28,All Function Combined,1.89%,75.0%,,,,,,
2026-01-29,FRACTAL TRACK,0.0%,0%,,,,,,
2026-01-29,DELTADRIFT,0.0%,0%,,,,,,
2026-01-29,TRENDPULSE,1.89%,100.0%,,,,,,
2026-01-29,OSCILLATOR DELTA,0.0%,0%,,,,,,
2026-01-29,BAND MATRIX,0.0%,0%,,,,,,
2026-01-29,SIGMASHELL,0.0%,0%,,,,,,
2026-01-29,PULSEGAUGE,0.0%,0%,,,,,,
2026-01-29,All Function Combined,1.89%,100.0%,,,,,,
2026-01-30,FRACTAL TRACK,0.0%,0%,,,,,,
2026-01-30,DELTADRIFT,0.0%,0%,,,,,,
2026-01-30,TRENDPULSE,0.63%,100.0%,,,,,,
2026-01-30,OSCILLATOR DELTA,0.63%,100.0%,,,,,,
2026-01-30,BAND MATRIX,0.63%,100.0%,,,,,,
2026-01-30,SIGMASHELL,0.0%,0%,,,,,,
2026-01-30,PULSEGAUGE,0.0%,0%,,,,,,
2026-01-30,All Function Combined,1.89%,100.0%,,,,,,
2026-01-31,FRACTAL TRACK,3.14%,100.0%,,,,,,
2026-01-31,DELTADRIFT,1.26%,100.0%,,,,,,
2026-01-31,TRENDPULSE,3.77%,100.0%,,,,,,
2026-01-31,OSCILLATOR DELTA,0.0%,0%,,,,,,
2026-01-31,BAND MATRIX,1.89%,100.0%,,,,,,
2026-01-31,SIGMASHELL,0.0%,0%,,,,,,
2026-01-31,PULSEGAUGE,0.0%,0%,,,,,,
2026-01-31,All Function Combined,10.06%,100.0%,,,,,,
2026-02-03,FRACTAL TRACK,0.0%,0%,,,,,,
2026-02-03,DELTADRIFT,11.11%,100.0%,,,,,,
2026-02-03,TRENDPULSE,0.0%,0%,,,,,,
2026-02-03,OSCILLATOR DELTA,0.0%,0%,,,,,,
2026-02-03,BAND MATRIX,0.0%,0%,,,,,,
2026-02-03,SIGMASHELL,0.0%,0%,,,,,,
2026-02-03,PULSEGAUGE,0.0%,0%,,,,,,
2026-02-03,All Function Combined,11.11%,100.0%,,,,,,
2026-02-04,FRACTAL TRACK,1.26%,100.0%,,,,,,
2026-02-04,DELTADRIFT,0.63%,100.0%,,,,,,
2026-02-04,TRENDPULSE,0.0%,0%,,,,,,
2026-02-04,OSCILLATOR DELTA,0.0%,0%,,,,,,
2026-02-04,BAND MATRIX,0.0%,0%,,,,,,
2026-02-04,PULSEGAUGE,0.0%,0%,,,,,,
2026-02-04,All Function Combined,1.89%,100.0%,,,,,,
2026-02-05,FRACTAL TRACK,0.0%,0.0%,,,,,,
2026-02-05,DELTADRIFT,0.0%,0%,,,,,,
2026-02-05,TRENDPULSE,1.89%,100.0%,,,,,,
2026-02-05,OSCILLATOR DELTA,0.0%,0.0%,,,,,,
2026-02-05,BAND MATRIX,0.0%,0%,,,,,,
2026-02-05,PULSEGAUGE,0.0%,0%,,,,,,
2026-02-05,All Function Combined,1.89%,60.0%,,,,,,
2026-02-06,FRACTAL TRACK,1.89%,75.0%,Not Applicable,Not Applicable,Not Applicable,Not Applicable,,
2026-02-06,DELTADRIFT,1.26%,100.0%,,,,,,
2026-02-06,TRENDPULSE,0.63%,100.0%,,,,,,
2026-02-06,OSCILLATOR DELTA,0.0%,0%,Not Applicable,Not Applicable,Not Applicable,Not Applicable,,
2026-02-06,BAND MATRIX,1.26%,100.0%,,,,,,
2026-02-06,PULSEGAUGE,0.0%,0%,Not Applicable,Not Applicable,Not Applicable,Not Applicable,,
2026-02-06,All Function Combined,5.03%,88.89%,Not Applicable,Not Applicable,Not Applicable,Not Applicable,,
2026-02-06,Combined (TrendPulse + DeltaDrift + BandMatrix),3.14%,100.0%,,,,,,
2026-02-11,FRACTAL TRACK,0.0%,0%,Not Applicable,Not Applicable,Not Applicable,Not Applicable,,
2026-02-11,DELTADRIFT,0.2%,100.0%,0,8,0,3,,
2026-02-11,TRENDPULSE,0.0%,0%,0,10,0,2,,
2026-02-11,OSCILLATOR DELTA,0.0%,0%,Not Applicable,Not Applicable,Not Applicable,Not Applicable,,
2026-02-11,SIGMASHELL,0.0%,0%,Not Applicable,Not Applicable,Not Applicable,Not Applicable,,
2026-02-11,PULSEGAUGE,0.0%,0%,Not Applicable,Not Applicable,Not Applicable,Not Applicable,,
2026-02-11,BASELINEDIVERGENCE,0.0%,0%,Not Applicable,Not Applicable,Not Applicable,Not Applicable,,
2026-02-11,All Function Combined,0.2%,100.0%,Not Applicable,Not Applicable,Not Applicable,Not Applicable,,
2026-02-11,Combined (TrendPulse + DeltaDrift + BandMatrix),0.2%,100.0%,0,18,0,3,,
2026-02-12,FRACTAL TRACK,0.0%,0%,Not Applicable,Not Applicable,Not Applicable,Not Applicable,,
2026-02-12,DELTADRIFT,0.2%,100.0%,0,8,0,3,,
2026-02-12,TRENDPULSE,0.0%,0%,0,10,0,2,,
2026-02-12,OSCILLATOR DELTA,0.0%,0%,Not Applicable,Not Applicable,Not Applicable,Not Applicable,,
2026-02-12,SIGMASHELL,0.0%,0%,Not Applicable,Not Applicable,Not Applicable,Not Applicable,,
2026-02-12,PULSEGAUGE,0.0%,0%,Not Applicable,Not Applicable,Not Applicable,Not Applicable,,
2026-02-12,BASELINEDIVERGENCE,0.0%,0%,Not Applicable,Not Applicable,Not Applicable,Not Applicable,,
2026-02-12,All Function Combined,0.2%,100.0%,Not Applicable,Not Applicable,Not Applicable,Not Applicable,,
2026-02-12,Combined (TrendPulse + DeltaDrift + BandMatrix),0.8%,100.0%,0,18,0,3,,
2026-02-13,FRACTAL TRACK,0.2%,33.33%,Not Applicable,Not Applicable,Not Applicable,Not Applicable,,
2026-02-13,DELTADRIFT,0.2%,100.0%,3,9,3,3,,
2026-02-13,TRENDPULSE,0.0%,0%,15,14,0,2,,
2026-02-13,OSCILLATOR DELTA,0.0%,0%,Not Applicable,Not Applicable,Not Applicable,Not Applicable,,
2026-02-13,BAND MATRIX,0.0%,0%,3,4,0,0,,
2026-02-13,SIGMASHELL,0.0%,0%,Not Applicable,Not Applicable,Not Applicable,Not Applicable,,
2026-02-13,PULSEGAUGE,0.0%,0%,Not Applicable,Not Applicable,Not Applicable,Not Applicable,,
2026-02-13,BASELINEDIVERGENCE,0.0%,0%,Not Applicable,Not Applicable,Not Applicable,Not Applicable,,
2026-02-13,All Function Combined,0.4%,50.0%,Not Applicable,Not Applicable,Not Applicable,Not Applicable,,
2026-02-13,Combined (TrendPulse + DeltaDrift + BandMatrix),0.4%,100.0%,21,22,3,3,,
2026-02-14,FRACTAL TRACK,0.0%,0.0%,Not Applicable,Not Applicable,Not Applicable,Not Applicable,,
2026-02-14,DELTADRIFT,0.2%,100.0%,9,10,1,4,,
2026-02-14,TRENDPULSE,0.8%,100.0%,19,15,1,2,,
2026-02-14,OSCILLATOR DELTA,0.0%,0%,Not Applicable,Not Applicable,Not Applicable,Not Applicable,,
2026-02-14,SIGMASHELL,0.0%,0%,Not Applicable,Not Applicable,Not Applicable,Not Applicable,,
2026-02-14,PULSEGAUGE,0.0%,0%,Not Applicable,Not Applicable,Not Applicable,Not Applicable,,
2026-02-14,BASELINEDIVERGENCE,0.2%,100.0%,Not Applicable,Not Applicable,Not Applicable,Not Applicable,,
2026-02-14,All Function Combined,1.2%,85.71%,Not Applicable,Not Applicable,Not Applicable,Not Applicable,,
2026-02-14,Combined (TrendPulse + DeltaDrift + BandMatrix),2.8%,100.0%,32,23,2,4,,
2026-02-15,FRACTAL TRACK,0.0%,0.0%,Not Applicable,Not Applicable,Not Applicable,Not Applicable,,
2026-02-15,DELTADRIFT,0.2%,100.0%,9,10,1,4,,
2026-02-15,TRENDPULSE,0.8%,100.0%,19,15,1,2,,
2026-02-15,OSCILLATOR DELTA,0.0%,0%,Not Applicable,Not Applicable,Not Applicable,Not Applicable,,
2026-02-15,SIGMASHELL,0.0%,0%,Not Applicable,Not Applicable,Not Applicable,Not Applicable,,
2026-02-15,PULSEGAUGE,0.0%,0%,Not Applicable,Not Applicable,Not Applicable,Not Applicable,,
2026-02-15,BASELINEDIVERGENCE,0.2%,100.0%,Not Applicable,Not Applicable,Not Applicable,Not Applicable,,
2026-02-15,All Function Combined,1.2%,85.71%,Not Applicable,Not Applicable,Not Applicable,Not Applicable,,
2026-02-15,Combined (TrendPulse + DeltaDrift + BandMatrix),2.8%,100.0%,32,23,2,4,,
2026-02-17,FRACTAL TRACK,0.0%,0.0%,Not Applicable,Not Applicable,Not Applicable,Not Applicable,,
2026-02-17,DELTADRIFT,0.0%,0%,0,10,0,4,,
2026-02-17,TRENDPULSE,0.0%,0%,0,15,0,2,,
2026-02-17,OSCILLATOR DELTA,0.0%,0%,Not Applicable,Not Applicable,Not Applicable,Not Applicable,,
2026-02-17,SIGMASHELL,0.0%,0%,Not Applicable,Not Applicable,Not Applicable,Not Applicable,,
2026-02-17,PULSEGAUGE,0.0%,0%,Not Applicable,Not Applicable,Not Applicable,Not Applicable,,
2026-02-17,BASELINEDIVERGENCE,0.0%,0%,Not Applicable,Not Applicable,Not Applicable,Not Applicable,,
2026-02-17,All Function Combined,0.0%,0.0%,Not Applicable,Not Applicable,Not Applicable,Not Applicable,,
2026-02-17,Combined (TrendPulse + DeltaDrift + BandMatrix),0.0%,0%,0,23,0,4,,
2026-02-18,FRACTAL TRACK,0.0%,0.0%,Not Applicable,Not Applicable,Not Applicable,Not Applicable,,
2026-02-18,DELTADRIFT,0.0%,0%,7,10,6,4,,
2026-02-18,TRENDPULSE,0.0%,0%,2,15,0,2,,
2026-02-18,OSCILLATOR DELTA,0.0%,0%,Not Applicable,Not Applicable,Not Applicable,Not Applicable,,
2026-02-18,SIGMASHELL,0.0%,0%,Not Applicable,Not Applicable,Not Applicable,Not Applicable,,
2026-02-18,PULSEGAUGE,0.0%,0%,Not Applicable,Not Applicable,Not Applicable,Not Applicable,,
2026-02-18,BASELINEDIVERGENCE,0.0%,0%,Not Applicable,Not Applicable,Not Applicable,Not Applicable,,
2026-02-18,All Function Combined,0.0%,0.0%,Not Applicable,Not Applicable,Not Applicable,Not Applicable,,
2026-02-18,Combined (TrendPulse + DeltaDrift + BandMatrix),0.0%,0%,9,23,6,4,,
2026-02-19,FRACTAL TRACK,0.2%,100.0%,Not Applicable,Not Applicable,Not Applicable,Not Applicable,,
2026-02-19,DELTADRIFT,0.0%,0%,6,10,1,4,,
2026-02-19,TRENDPULSE,0.2%,100.0%,3,15,0,2,,
2026-02-19,OSCILLATOR DELTA,0.0%,0%,Not Applicable,Not Applicable,Not Applicable,Not Applicable,,
2026-02-19,SIGMASHELL,0.0%,0%,Not Applicable,Not Applicable,Not Applicable,Not Applicable,,
2026-02-19,PULSEGAUGE,0.0%,0%,Not Applicable,Not Applicable,Not Applicable,Not Applicable,,
2026-02-19,BASELINEDIVERGENCE,0.0%,0%,Not Applicable,Not Applicable,Not Applicable,Not Applicable,,
2026-02-19,All Function Combined,0.4%,100.0%,Not Applicable,Not Applicable,Not Applicable,Not Applicable,,
2026-02-19,Combined (TrendPulse + DeltaDrift + BandMatrix),0.6%,100.0%,9,23,1,4,,
2026-02-20,FRACTAL TRACK,0.2%,50.0%,Not Applicable,Not Applicable,Not Applicable,Not Applicable,,
2026-02-20,DELTADRIFT,0.0%,0%,2,10,0,4,,
2026-02-20,TRENDPULSE,0.0%,0%,5,15,0,2,,
2026-02-20,OSCILLATOR DELTA,0.0%,0%,Not Applicable,Not Applicable,Not Applicable,Not Applicable,,
2026-02-20,SIGMASHELL,0.0%,0%,Not Applicable,Not Applicable,Not Applicable,Not Applicable,,
2026-02-20,PULSEGAUGE,0.0%,0%,Not Applicable,Not Applicable,Not Applicable,Not Applicable,,
2026-02-20,BASELINEDIVERGENCE,0.0%,0%,Not Applicable,Not Applicable,Not Applicable,Not Applicable,,
2026-02-20,All Function Combined,0.2%,50.0%,Not Applicable,Not Applicable,Not Applicable,Not Applicable,,
2026-02-20,Combined (TrendPulse + DeltaDrift + BandMatrix),1.0%,100.0%,8,23,0,4,,
2026-02-21,FRACTAL TRACK,0.4%,100.0%,Not Applicable,Not Applicable,Not Applicable,Not Applicable,,
2026-02-21,DELTADRIFT,0.2%,100.0%,0,10,0,4,,
2026-02-21,TRENDPULSE,0.0%,0%,3,15,0,2,,
2026-02-21,OSCILLATOR DELTA,0.0%,0%,Not Applicable,Not Applicable,Not Applicable,Not Applicable,,
2026-02-21,SIGMASHELL,0.0%,0%,Not Applicable,Not Applicable,Not Applicable,Not Applicable,,
2026-02-21,PULSEGAUGE,0.0%,0%,Not Applicable,Not Applicable,Not Applicable,Not Applicable,,
2026-02-21,BASELINEDIVERGENCE,0.0%,0%,Not Applicable,Not Applicable,Not Applicable,Not Applicable,,
2026-02-21,All Function Combined,0.6%,100.0%,Not Applicable,Not Applicable,Not Applicable,Not Applicable,,
2026-02-21,Combined (TrendPulse + DeltaDrift + BandMatrix),1.4%,100.0%,3,23,0,4,,
2026-02-22,FRACTAL TRACK,0.4%,100.0%,Not Applicable,Not Applicable,Not Applicable,Not Applicable,,
2026-02-22,DELTADRIFT,0.2%,100.0%,0,10,0,4,,
2026-02-22,TRENDPULSE,0.0%,0%,3,15,0,2,,
2026-02-22,OSCILLATOR DELTA,0.0%,0%,Not Applicable,Not Applicable,Not Applicable,Not Applicable,,
2026-02-22,SIGMASHELL,0.0%,0%,Not Applicable,Not Applicable,Not Applicable,Not Applicable,,
2026-02-22,PULSEGAUGE,0.0%,0%,Not Applicable,Not Applicable,Not Applicable,Not Applicable,,
2026-02-22,BASELINEDIVERGENCE,0.0%,0%,Not Applicable,Not Applicable,Not Applicable,Not Applicable,,
2026-02-22,All Function Combined,0.6%,100.0%,Not Applicable,Not Applicable,Not Applicable,Not Applicable,,
2026-02-22,Combined (TrendPulse + DeltaDrift + BandMatrix),1.4%,100.0%,3,23,0,4,,
2026-02-24,FRACTAL TRACK,0.0%,0.0%,Not Applicable,Not Applicable,Not Applicable,Not Applicable,,
2026-02-24,DELTADRIFT,0.0%,0%,3,10,3,4,,
2026-02-24,TRENDPULSE,0.0%,0%,8,15,1,2,,
2026-02-24,OSCILLATOR DELTA,0.0%,0%,Not Applicable,Not Applicable,Not Applicable,Not Applicable,,
2026-02-24,SIGMASHELL,0.0%,0%,Not Applicable,Not Applicable,Not Applicable,Not Applicable,,
2026-02-24,PULSEGAUGE,0.0%,0%,Not Applicable,Not Applicable,Not Applicable,Not Applicable,,
2026-02-24,BASELINEDIVERGENCE,0.0%,0%,Not Applicable,Not Applicable,Not Applicable,Not Applicable,,
2026-02-24,All Function Combined,0.0%,0.0%,Not Applicable,Not Applicable,Not Applicable,Not Applicable,,
2026-02-24,Combined (TrendPulse + DeltaDrift + BandMatrix),0.2%,100.0%,11,23,4,4,,
2026-02-25,FRACTAL TRACK,0.2%,100.0%,Not Applicable,Not Applicable,Not Applicable,Not Applicable,,
2026-02-25,DELTADRIFT,0.0%,0%,1,10,2,4,,
2026-02-25,TRENDPULSE,0.0%,0%,4,15,0,1,,
2026-02-25,OSCILLATOR DELTA,0.0%,0%,Not Applicable,Not Applicable,Not Applicable,Not Applicable,,
2026-02-25,SIGMASHELL,0.0%,0%,Not Applicable,Not Applicable,Not Applicable,Not Applicable,,
2026-02-25,PULSEGAUGE,0.0%,0%,Not Applicable,Not Applicable,Not Applicable,Not Applicable,,
2026-02-25,BASELINEDIVERGENCE,0.0%,0%,Not Applicable,Not Applicable,Not Applicable,Not Applicable,,
2026-02-25,All Function Combined,0.2%,100.0%,Not Applicable,Not Applicable,Not Applicable,Not Applicable,,
2026-02-25,Combined (TrendPulse + DeltaDrift + BandMatrix),0.2%,100.0%,5,23,2,4,,
2026-02-26,FRACTAL TRACK,0.0%,0%,Not Applicable,Not Applicable,Not Applicable,Not Applicable,,
2026-02-26,DELTADRIFT,0.2%,100.0%,7,10,0,4,,
2026-02-26,TRENDPULSE,0.0%,0%,4,14,0,1,,
2026-02-26,OSCILLATOR DELTA,0.0%,0%,Not Applicable,Not Applicable,Not Applicable,Not Applicable,,
2026-02-26,SIGMASHELL,0.0%,0%,Not Applicable,Not Applicable,Not Applicable,Not Applicable,,
2026-02-26,PULSEGAUGE,0.0%,0%,Not Applicable,Not Applicable,Not Applicable,Not Applicable,,
2026-02-26,BASELINEDIVERGENCE,0.0%,0%,Not Applicable,Not Applicable,Not Applicable,Not Applicable,,
2026-02-26,All Function Combined,0.2%,100.0%,Not Applicable,Not Applicable,Not Applicable,Not Applicable,,
2026-02-26,Combined (TrendPulse + DeltaDrift + BandMatrix),0.8%,100.0%,12,23,0,4,,
2026-02-27,FRACTAL TRACK,0.4%,66.67%,Not Applicable,Not Applicable,Not Applicable,Not Applicable,,
2026-02-27,DELTADRIFT,0.0%,0%,1,10,3,4,,
2026-02-27,TRENDPULSE,0.2%,100.0%,5,14,0,1,,
2026-02-27,OSCILLATOR DELTA,0.0%,0%,Not Applicable,Not Applicable,Not Applicable,Not Applicable,,
2026-02-27,SIGMASHELL,0.0%,0%,Not Applicable,Not Applicable,Not Applicable,Not Applicable,,
2026-02-27,PULSEGAUGE,0.0%,0%,Not Applicable,Not Applicable,Not Applicable,Not Applicable,,
2026-02-27,BASELINEDIVERGENCE,0.0%,0%,Not Applicable,Not Applicable,Not Applicable,Not Applicable,,
2026-02-27,All Function Combined,0.6%,75.0%,Not Applicable,Not Applicable,Not Applicable,Not Applicable,,
2026-02-27,Combined (TrendPulse + DeltaDrift + BandMatrix),0.4%,100.0%,6,23,3,4,,
2026-02-28,FRACTAL TRACK,0.2%,100.0%,Not Applicable,Not Applicable,Not Applicable,Not Applicable,,
2026-02-28,DELTADRIFT,0.2%,100.0%,0,10,1,4,,
2026-02-28,TRENDPULSE,0.0%,0%,11,14,0,1,,
2026-02-28,OSCILLATOR DELTA,0.0%,0%,Not Applicable,Not Applicable,Not Applicable,Not Applicable,,
2026-02-28,SIGMASHELL,0.0%,0%,Not Applicable,Not Applicable,Not Applicable,Not Applicable,,
2026-02-28,PULSEGAUGE,0.0%,0%,Not Applicable,Not Applicable,Not Applicable,Not Applicable,,
2026-02-28,BASELINEDIVERGENCE,0.2%,100.0%,Not Applicable,Not Applicable,Not Applicable,Not Applicable,,
2026-02-28,All Function Combined,0.6%,100.0%,Not Applicable,Not Applicable,Not Applicable,Not Applicable,,
2026-02-28,Combined (TrendPulse + DeltaDrift + BandMatrix),1.8%,100.0%,11,23,1,4,,
2026-03-01,FRACTAL TRACK,0.2%,100.0%,Not Applicable,Not Applicable,Not Applicable,Not Applicable,,
2026-03-01,DELTADRIFT,0.2%,100.0%,0,10,1,4,,
2026-03-01,TRENDPULSE,0.0%,0%,11,14,0,1,,
2026-03-01,OSCILLATOR DELTA,0.0%,0%,Not Applicable,Not Applicable,Not Applicable,Not Applicable,,
2026-03-01,SIGMASHELL,0.0%,0%,Not Applicable,Not Applicable,Not Applicable,Not Applicable,,
2026-03-01,PULSEGAUGE,0.0%,0%,Not Applicable,Not Applicable,Not Applicable,Not Applicable,,
2026-03-01,BASELINEDIVERGENCE,0.2%,100.0%,Not Applicable,Not Applicable,Not Applicable,Not Applicable,,
2026-03-01,All Function Combined,0.6%,100.0%,Not Applicable,Not Applicable,Not Applicable,Not Applicable,,
2026-03-01,Combined (TrendPulse + DeltaDrift + BandMatrix),1.8%,100.0%,11,23,1,4,,
2026-03-03,FRACTAL TRACK,0.2%,100.0%,Not Applicable,Not Applicable,Not Applicable,Not Applicable,,
2026-03-03,DELTADRIFT,0.0%,0%,1,10,0,4,,
2026-03-03,TRENDPULSE,0.2%,100.0%,8,14,0,1,,
2026-03-03,OSCILLATOR DELTA,0.0%,0%,Not Applicable,Not Applicable,Not Applicable,Not Applicable,,
2026-03-03,SIGMASHELL,0.4%,100.0%,Not Applicable,Not Applicable,Not Applicable,Not Applicable,,
2026-03-03,PULSEGAUGE,0.0%,0%,Not Applicable,Not Applicable,Not Applicable,Not Applicable,,
2026-03-03,BASELINEDIVERGENCE,0.0%,0%,Not Applicable,Not Applicable,Not Applicable,Not Applicable,,
2026-03-03,All Function Combined,0.8%,100.0%,Not Applicable,Not Applicable,Not Applicable,Not Applicable,,
2026-03-03,Combined (TrendPulse + DeltaDrift + BandMatrix),0.2%,100.0%,11,23,0,4,,
2026-03-04,FRACTAL TRACK,0.2%,100.0%,Not Applicable,Not Applicable,Not Applicable,Not Applicable,,
2026-03-04,OSCILLATOR DELTA,0.0%,0%,Not Applicable,Not Applicable,Not Applicable,Not Applicable,,
2026-03-04,SIGMASHELL,0.4%,100.0%,Not Applicable,Not Applicable,Not Applicable,Not Applicable,,
2026-03-04,PULSEGAUGE,0.0%,0%,Not Applicable,Not Applicable,Not Applicable,Not Applicable,,
2026-03-04,BASELINEDIVERGENCE,0.0%,0%,Not Applicable,Not Applicable,Not Applicable,Not Applicable,,
2026-03-04,All Function Combined,0.8%,100.0%,Not Applicable,Not Applicable,Not Applicable,Not Applicable,,
2026-03-04,TRENDPULSE,,,,,,,,
2026-03-04,DELTADRIFT,,,,,,,,
2026-03-04,BAND MATRIX,,,,,,,,
2026-03-04,Combined (TrendPulse + DeltaDrift + BandMatrix),,,,,,,,
2026-03-07,TRENDPULSE,,,,,,,,
2026-03-07,DELTADRIFT,,,,,,,,
2026-03-07,BAND MATRIX,,,,,,,,
2026-03-07,Combined (TrendPulse + DeltaDrift + BandMatrix),,,,,,,,
2026-03-08,TRENDPULSE,,,,,,,,
2026-03-08,DELTADRIFT,,,,,,,,
2026-03-08,BAND MATRIX,,,,,,,,
2026-03-08,Combined (TrendPulse + DeltaDrift + BandMatrix),,,,,,,,
2026-03-10,TRENDPULSE,,,,,,,,
2026-03-10,DELTADRIFT,,,,,,,,
2026-03-10,BAND MATRIX,,,,,,,,
2026-03-10,Combined (TrendPulse + DeltaDrift + BandMatrix),,,,,,,,
2026-03-11,TRENDPULSE,,,,,,,,
2026-03-11,DELTADRIFT,,,,,,,,
2026-03-11,BAND MATRIX,,,,,,,,
2026-03-11,Combined (TrendPulse + DeltaDrift + BandMatrix),,,,,,,,
2026-03-12,TRENDPULSE,,,,,,,,
2026-03-12,DELTADRIFT,,,,,,,,
2026-03-12,BAND MATRIX,,,,,,,,
2026-03-12,Combined (TrendPulse + DeltaDrift + BandMatrix),,,,,,,,
2026-03-13,TRENDPULSE,,,,,,,,
2026-03-13,DELTADRIFT,,,,,,,,
2026-03-13,BAND MATRIX,,,,,,,,
2026-03-13,Combined (TrendPulse + DeltaDrift + BandMatrix),,,,,,,,
2026-03-14,TRENDPULSE,,,,,,,,
2026-03-14,DELTADRIFT,,,,,,,,
2026-03-14,BAND MATRIX,,,,,,,,
2026-03-14,Combined (TrendPulse + DeltaDrift + BandMatrix),,,,,,,,
2026-03-15,TRENDPULSE,,,,,,,,
2026-03-15,DELTADRIFT,,,,,,,,
2026-03-15,BAND MATRIX,,,,,,,,
2026-03-15,Combined (TrendPulse + DeltaDrift + BandMatrix),,,,,,,,
2026-03-17,TRENDPULSE,,,0,14,0,2,,
2026-03-17,DELTADRIFT,,,29,11,0,4,,
2026-03-17,BAND MATRIX,,,3,6,0,0,,
2026-03-17,Combined (TrendPulse + DeltaDrift + BandMatrix),,,34,28,0,4,,
2026-03-18,TRENDPULSE,,,5,13,0,2,,
2026-03-18,DELTADRIFT,,,6,11,0,4,,
2026-03-18,BAND MATRIX,,,2,6,0,0,,
2026-03-18,Combined (TrendPulse + DeltaDrift + BandMatrix),,,13,28,0,4,,
2026-03-19,TRENDPULSE,,,1,13,0,2,,
2026-03-19,DELTADRIFT,,,0,11,0,4,,
2026-03-19,BAND MATRIX,,,1,6,0,0,,
2026-03-19,Combined (TrendPulse + DeltaDrift + BandMatrix),,,2,28,0,4,,
2026-03-20,TRENDPULSE,,,2,13,1,2,,
2026-03-20,DELTADRIFT,,,4,11,0,4,,
2026-03-20,BAND MATRIX,,,1,6,0,0,,
2026-03-20,Combined (TrendPulse + DeltaDrift + BandMatrix),,,7,28,2,4,,
2026-03-21,TRENDPULSE,,,1,13,0,2,,
2026-03-21,DELTADRIFT,,,4,11,0,4,,
2026-03-21,BAND MATRIX,,,7,6,0,0,,
2026-03-21,Combined (TrendPulse + DeltaDrift + BandMatrix),,,13,28,0,4,,
2026-03-22,TRENDPULSE,,,1,13,0,2,,
2026-03-22,DELTADRIFT,,,4,11,0,4,,
2026-03-22,BAND MATRIX,,,7,6,0,0,,
2026-03-22,Combined (TrendPulse + DeltaDrift + BandMatrix),,,13,28,0,4,,
2026-03-24,TRENDPULSE,,,1,13,1,2,,
2026-03-24,DELTADRIFT,,,22,12,2,4,,
2026-03-24,BAND MATRIX,,,5,6,0,0,,
2026-03-24,Combined (TrendPulse + DeltaDrift + BandMatrix),,,29,29,3,4,,
2026-03-25,TRENDPULSE,,,1,13,0,2,,
2026-03-25,DELTADRIFT,,,12,12,0,4,,
2026-03-25,BAND MATRIX,,,12,6,0,0,,
2026-03-25,Combined (TrendPulse + DeltaDrift + BandMatrix),,,26,29,0,4,,
2026-03-26,TRENDPULSE,,,7,13,0,2,,
2026-03-26,DELTADRIFT,,,7,12,0,4,,
2026-03-26,BAND MATRIX,,,0,6,0,0,,
2026-03-26,Combined (TrendPulse + DeltaDrift + BandMatrix),,,15,29,0,4,,
2026-03-27,TRENDPULSE,,,5,13,0,2,,
2026-03-27,DELTADRIFT,,,3,12,1,4,,
2026-03-27,BAND MATRIX,,,0,6,0,0,,
2026-03-27,Combined (TrendPulse + DeltaDrift + BandMatrix),,,7,29,1,4,,
2026-03-28,TRENDPULSE,,,3,13,0,2,,
2026-03-28,DELTADRIFT,,,0,12,0,4,,
2026-03-28,BAND MATRIX,,,1,6,0,0,,
2026-03-28,Combined (TrendPulse + DeltaDrift + BandMatrix),,,5,29,0,4,,
2026-03-29,TRENDPULSE,,,3,13,0,2,,
2026-03-29,DELTADRIFT,,,0,12,0,4,,
2026-03-29,BAND MATRIX,,,1,6,0,0,,
2026-03-29,Combined (TrendPulse + DeltaDrift + BandMatrix),,,5,29,0,4,,
2026-03-31,TRENDPULSE,,,3,13,1,2,,
2026-03-31,DELTADRIFT,,,4,12,1,4,,
2026-03-31,BAND MATRIX,,,3,6,0,0,,
2026-03-31,Combined (TrendPulse + DeltaDrift + BandMatrix),,,10,28,2,4,,
2026-04-01,TRENDPULSE,,,1,13,0,2,,
2026-04-01,DELTADRIFT,,,6,12,1,4,,
2026-04-01,BAND MATRIX,,,2,6,0,0,,
2026-04-01,Combined (TrendPulse + DeltaDrift + BandMatrix),,,10,28,1,4,,
2026-04-02,TRENDPULSE,,,5,13,0,2,37.57,100.0
2026-04-02,DELTADRIFT,,,1,12,0,4,54.7,100.0
2026-04-02,BAND MATRIX,,,0,6,0,0,100.0,100.0
2026-04-02,Combined (TrendPulse + DeltaDrift + BandMatrix),,,6,29,0,4,59.67,100.0
2026-04-03,TRENDPULSE,,,1,13,0,2,63.54,100.0
2026-04-03,DELTADRIFT,,,0,12,0,4,100.0,100.0
2026-04-03,BAND MATRIX,,,2,6,0,0,29.83,100.0
2026-04-03,Combined (TrendPulse + DeltaDrift + BandMatrix),,,4,29,0,4,64.09,100.0
2026-04-04,TRENDPULSE,,,0,13,0,2,100.0,100.0
2026-04-04,DELTADRIFT,,,0,11,0,4,100.0,100.0
2026-04-04,BAND MATRIX,,,0,6,0,0,100.0,100.0
2026-04-04,Combined (TrendPulse + DeltaDrift + BandMatrix),,,0,29,0,4,100.0,100.0
2026-04-08,TRENDPULSE,,,5,13,0,1,38.12,100.0
2026-04-08,DELTADRIFT,,,3,12,0,4,35.91,100.0
2026-04-08,BAND MATRIX,,,0,2,0,0,100.0,100.0
2026-04-08,Combined (TrendPulse + DeltaDrift + BandMatrix),,,9,30,0,4,50.83,100.0
2026-04-09,TRENDPULSE,,,0,13,0,1,100.0,100.0
2026-04-09,DELTADRIFT,,,0,12,0,4,100.0,100.0
2026-04-09,BAND MATRIX,,,0,2,0,0,100.0,100.0
2026-04-09,Combined (TrendPulse + DeltaDrift + BandMatrix),,,0,30,0,4,100.0,100.0
2026-04-10,TRENDPULSE,,,20,13,0,1,3.87,100.0
2026-04-10,DELTADRIFT,,,1,12,0,4,53.59,100.0
2026-04-10,BAND MATRIX,,,0,2,0,0,100.0,100.0
2026-04-10,Combined (TrendPulse + DeltaDrift + BandMatrix),,,21,30,0,4,19.34,100.0
2026-04-11,TRENDPULSE,,,4,13,0,1,47.51,100.0
2026-04-11,DELTADRIFT,,,0,12,0,4,100.0,100.0
2026-04-11,BAND MATRIX,,,0,2,0,0,100.0,100.0
2026-04-11,Combined (TrendPulse + DeltaDrift + BandMatrix),,,6,30,0,4,59.67,100.0
2026-04-12,TRENDPULSE,,,4,13,0,1,47.51,100.0
2026-04-12,DELTADRIFT,,,0,12,0,4,100.0,100.0
2026-04-12,BAND MATRIX,,,0,2,0,0,100.0,100.0
2026-04-12,Combined (TrendPulse + DeltaDrift + BandMatrix),,,6,30,0,4,59.67,100.0
2026-04-14,TRENDPULSE,,,1,13,0,1,64.09,100.0
2026-04-14,DELTADRIFT,,,3,12,1,4,34.81,28.73
2026-04-14,BAND MATRIX,,,0,2,0,0,100.0,100.0
2026-04-14,Combined (TrendPulse + DeltaDrift + BandMatrix),,,4,29,1,4,63.54,37.57
2026-04-15,TRENDPULSE,,,12,13,0,1,11.6,100.0
2026-04-15,DELTADRIFT,,,2,12,4,4,41.44,4.97
2026-04-15,BAND MATRIX,,,0,2,0,0,100.0,100.0
2026-04-15,Combined (TrendPulse + DeltaDrift + BandMatrix),,,16,29,4,4,27.07,5.52
2026-04-16,TRENDPULSE,,,5,13,0,1,38.67,100.0
2026-04-16,DELTADRIFT,,,4,12,3,4,27.07,9.39
2026-04-16,BAND MATRIX,,,0,2,0,0,100.0,100.0
2026-04-16,Combined (TrendPulse + DeltaDrift + BandMatrix),,,13,29,2,4,37.57,20.44
2026-04-17,TRENDPULSE,,,10,13,0,1,16.02,100.0
2026-04-17,DELTADRIFT,,,2,12,1,4,41.99,30.39
2026-04-17,BAND MATRIX,,,0,2,0,0,100.0,100.0
2026-04-17,Combined (TrendPulse + DeltaDrift + BandMatrix),,,12,29,1,4,42.54,38.67
2026-04-18,TRENDPULSE,,,10,13,0,1,16.57,100.0
2026-04-18,DELTADRIFT,,,1,12,0,4,53.04,100.0
2026-04-18,BAND MATRIX,,,0,2,0,0,100.0,100.0
2026-04-18,Combined (TrendPulse + DeltaDrift + BandMatrix),,,11,29,0,4,48.62,100.0
