"Symbol, Signal, Signal Date/Price[$]",Exit Signal Date/Price[$],Current Mark to Market and Holding Period,"Win Rate [%], History Tested, Number of Trades","Interval, Confirmation Status",Cancellation Level/Date,"Today Trading Date/Price[$], Today price vs Signal",Trading Days between Signal and Today Date,Signal Type,Track Level/Price($),Price on Latest Trading day vs Track Level,"Reference Upmove or Downmove start Date/Price($), end Date/Price($)",Backtested Returns(Win Trades) [%] (Max/Min/Avg),"Backtested Max Loss [%], Backtested Worst Single MTM during Hold Period [%]",Backtested Holding Period(Win Trades) (days) (Max/Min/Avg),Target Exit Date(Win Trades) (Max/Min/Avg),Backtested Strategy CAGR [%],CAGR of Buy and Hold [%],CAGR difference (Strategy - Buy and Hold) [%],Backtested Strategy Sharpe Ratio,Sharpe Ratio of Buy and Hold,Targets (Historic Rise or Fall to Pivot/Avg % Gain of Historic Winning trades/Function Specific Target/Horizontal/F-Stack 1/F-Stack 2/EMA 200) [$],Stop Loss (Recent Extrema/Horizontal/F-Stack 1/F-Stack 2/F-Track 1/F-Track 2/EMA 200) [$],Latest Past 6 Months Performance[%]/No. of Analysed Trades/Avg Holding Period (days) (Across ALL Assets),Forward Testing Win Rate[%]/No. of Analysed Trades/Avg Holding Period (days) (Across ALL Assets),Signal Open Price
"GOOG, Long, 2026-04-17 (Price: 339.4)",No Exit Yet,"0.0%, 0 days","100.0%, Past 20 years, 21","Weekly, is CONFIRMED on 2026-04-17",Already confirmed,"2026-04-17 (Price: 339.4), 0.0% below",0 days,Upmove Bounce Back,38.2% (Price: 270.8888),25.29% above,"2025-04-13 (Price: 142.66), 2026-02-08 (Price: 350.15)",29.61%/7.98%/17.36%,"-0.0%, 38.74%",1.9 year/1.6 month/6.6 months,2029-01-01/2026-06-25/2027-01-28,16.83%,12.59%,4.24%,0.0,0.65,360.6125/398.3198/463.89/No Horizontal Resistance/480.687/701.5153/No EMA 200 Target,273.76/84.51/330.6546/306.4481/287.0488/248.2706/272.84,88.33%/60/1.6 year (Across ALL Assets),52.12%/165/8.1 months (Across ALL Assets),315.42
"NVDA, Long, 2026-04-17 (Price: 201.68)",No Exit Yet,"0.0%, 0 days","100.0%, Past 20 years, 9","Weekly, is CONFIRMED on 2026-04-17",Already confirmed,"2026-04-17 (Price: 201.68), 0.0% below",0 days,Upmove Bounce Back,38.2% (Price: 164.2223),22.81% above,"2025-04-13 (Price: 86.62), 2025-11-02 (Price: 212.19)",23.94%/15.21%/19.58%,"0%, 43.1%",3.7 years/21 days/1 year,2031-07-29/2026-05-17/2027-09-20,15.33%,22.85%,-7.52%,0.0,0.96,239.495/241.1689/277.02/No Horizontal Resistance/No Next Fib Ext/No Next Fib Ext/No EMA 200 Target,167.52/13.9695/78.6795/48.8144/164.5442/135.264/181.77,88.33%/60/1.6 year (Across ALL Assets),52.12%/165/8.1 months (Across ALL Assets),186.03
"MSFT, Long, 2026-04-17 (Price: 422.79)",No Exit Yet,"0.0%, 0 days","100.0%, Past 20 years, 14","Weekly, is CONFIRMED on 2026-04-17",Already confirmed,"2026-04-17 (Price: 422.79), 0.0% below",0 days,Upmove Bounce Back,38.2% (Price: 348.9484),21.16% above,"2009-03-08 (Price: 14.87), 2025-08-03 (Price: 555.45)",19.95%/6.95%/15.48%,"-0.0%, 28.45%",1.5 year/1.4 month/9.3 months,2028-06-07/2026-06-16/2027-05-26,11.42%,9.6%,1.82%,0.0,0.52,453.6959/488.2379/747.14/554.585/574.7462/615.9561/471.96,356.77/216.39/384.4933/331.7514/No stop loss/389.8712/No EMA 200 Stop Loss,88.33%/60/1.6 year (Across ALL Assets),52.12%/165/8.1 months (Across ALL Assets),373.61
"GBPUSD=X, Long, 2026-04-17 (Price: 1.3516)",No Exit Yet,"0.0%, 0 days","100.0%, Past 20 years, 12","Weekly, is CONFIRMED on 2026-04-17",Already confirmed,"2026-04-17 (Price: 1.3516), 0.0% below",0 days,Upmove Bounce Back,50% (Price: 1.343),0.64% above,"2025-11-09 (Price: 1.3012), 2026-02-01 (Price: 1.3847)",2.17%/1.1%/1.64%,"-0.0%, 8.98%",2.9 years/7.9 months/1.8 year,2030-06-07/2027-03-26/2028-11-10,3.08%,-0.98%,4.06%,-0.43,-0.57,No Target/1.3738/1.4/1.364/2.4421/3.2078/No EMA 200 Target,1.32/1.1805/No F-Stack Support/No F-Stack Support/No stop loss/No stop loss/1.34,88.33%/60/1.6 year (Across ALL Assets),52.12%/165/8.1 months (Across ALL Assets),1.339
"^DJI, Long, 2026-04-17 (Price: 49447.4297)",No Exit Yet,"0.0%, 0 days","100.0%, Past 20 years, 18","Weekly, is CONFIRMED on 2026-04-17",Already confirmed,"2026-04-17 (Price: 49447.4297), 0.0% below",0 days,Upmove Bounce Back,38.2% (Price: 45202.6041),9.39% above,"2025-04-13 (Price: 36611.7812), 2026-02-15 (Price: 50512.7891)",16.56%/0.85%/14.34%,"0%, 17.6%",2.3 years/4 months/1.1 year,2029-07-27/2026-10-07/2027-11-11,10.95%,5.14%,5.81%,0.0,0.26,53793.8588/56538.1911/57788.03/No Horizontal Resistance/50924.8674/68852.5953/No EMA 200 Target,45166.64/32395.4668/39844.8882/32997.1394/47223.8106/45202.6041/46964.33,88.33%/60/1.6 year (Across ALL Assets),52.12%/165/8.1 months (Across ALL Assets),47718.2109
"XLY, Long, 2026-04-17 (Price: 120.41)",No Exit Yet,"0.0%, 0 days","92.31%, Past 20 years, 13","Weekly, is CONFIRMED on 2026-04-17",Already confirmed,"2026-04-17 (Price: 120.41), 0.0% below",0 days,Upmove Bounce Back,50% (Price: 105.78),13.83% above,"2025-04-13 (Price: 86.55), 2026-01-18 (Price: 125.01)",19.19%/0.05%/14.7%,"14.45%, 30.27%",2.8 years/7 days/9.4 months,2030-04-14/2026-04-27/2027-05-30,9.84%,6.76%,3.08%,0.0,0.36,132.0296/138.1103/143.49/122.0862/125.4815/149.5056/No EMA 200 Target,105.68/66.775/97.0194/64.5812/110.3384/101.3222/116.45,88.33%/60/1.6 year (Across ALL Assets),52.12%/165/8.1 months (Across ALL Assets),112.34
"ASML, Long, 2026-04-17 (Price: 1459.8)",No Exit Yet,"0.0%, 0 days","100.0%, Past 20 years, 16","Weekly, is CONFIRMED on 2026-04-17",Already confirmed,"2026-04-17 (Price: 1459.8), 0.0% below",0 days,Upmove Bounce Back,23.66% (Price: 1267.069),15.21% above,"2022-10-16 (Price: 363.15), 2026-03-01 (Price: 1547.22)",26.24%/15.02%/18.59%,"0%, 44.84%",1.9 year/1.2 month/8.6 months,2029-01-01/2026-06-08/2027-04-25,13.4%,14.12%,-0.72%,0.0,0.68,1923.5785/1731.1768/2170.24/No Horizontal Resistance/1508.8624/1630.5302/No EMA 200 Target,1292.8/576.784/1338.7292/1224.19/1318.0232/1177.1728/1084.39,88.33%/60/1.6 year (Across ALL Assets),52.12%/165/8.1 months (Across ALL Assets),1465.16
"^NSEI, Long, 2026-04-17 (Price: 24353.5508)",No Exit Yet,"0.0%, 0 days","95.24%, Past 18 years, 21","Weekly, is CONFIRMED on 2026-04-17",Already confirmed,"2026-04-17 (Price: 24353.5508), 0.0% below",0 days,Upmove Bounce Back,38.2% (Price: 22727.0667),7.16% above,"2023-03-26 (Price: 16828.3496), 2026-01-11 (Price: 26373.1992)",17.13%/0.05%/13.99%,"9.61%, 34.56%",2.6 years/28 days/1.1 year,2030-01-01/2026-05-27/2027-11-11,9.57%,6.04%,3.53%,0.0,0.32,26389.5076/27760.6126/30080.46/26106.6328/31657.0022/45908.3871/25163.49,22713.1/16662.0827/22849.1349/17405.6173/23725.6928/22098.6961/No EMA 200 Stop Loss,88.33%/60/1.6 year (Across ALL Assets),52.12%/165/8.1 months (Across ALL Assets),23589.5996
"BPCL.NS, Long, 2026-04-17 (Price: 312.1)",No Exit Yet,"0.0%, 0 days","100.0%, Past 20 years, 15","Weekly, is CONFIRMED on 2026-04-17",Already confirmed,"2026-04-17 (Price: 312.1), 0.0% below",0 days,Upmove Bounce Back,78.6% (Price: 267.745),16.57% above,"2025-03-09 (Price: 234.01), 2026-02-08 (Price: 391.65)",30.55%/15.15%/19.02%,"0%, 40.72%",2.3 years/14 days/10 months,2029-07-27/2026-05-07/2027-06-25,12.6%,7.26%,5.34%,0.0,0.37,331.3254/371.4614/406.68/383.0667/420.2463/457.942/342.4,278.15/145.35/267.54/238.163/No stop loss/294.2285/No EMA 200 Stop Loss,88.33%/60/1.6 year (Across ALL Assets),52.12%/165/8.1 months (Across ALL Assets),284.25
"DIA, Long, 2026-04-17 (Price: 494.22)",No Exit Yet,"0.0%, 0 days","94.44%, Past 20 years, 18","Weekly, is CONFIRMED on 2026-04-17",Already confirmed,"2026-04-17 (Price: 494.22), 0.0% below",0 days,Upmove Bounce Back,38.2% (Price: 452.2096),9.29% above,"2025-04-13 (Price: 366.32), 2026-02-15 (Price: 505.3)",16.79%/0.88%/14.81%,"1.69%, 17.57%",2.3 years/4 months/1 year,2029-07-27/2026-10-07/2027-09-20,11.06%,5.14%,5.92%,0.0,0.26,539.6388/567.414/577.61/No Horizontal Resistance/538.1343/826.9871/No EMA 200 Target,451.39/321.6725/359.6128/249.2814/472.4173/452.2096/469.81,88.33%/60/1.6 year (Across ALL Assets),52.12%/165/8.1 months (Across ALL Assets),476.1
"GILD, Long, 2026-04-17 (Price: 137.64)",No Exit Yet,"0.0%, 0 days","77.78%, Past 20 years, 9","Weekly, is CONFIRMED on 2026-04-17",Already confirmed,"2026-04-17 (Price: 137.64), 0.0% below",0 days,Upmove Bounce Back,23.66% (Price: 134.7609),2.14% above,"2024-06-02 (Price: 62.07), 2026-02-15 (Price: 157.29)",18.17%/15.12%/16.36%,"14.97%, 50.63%",9.3 years/1.9 month/3.1 years,2039-07-27/2026-07-08/2030-09-19,2.03%,8.04%,-6.01%,0.0,0.42,No Target/160.1579/194.77/No Horizontal Resistance/154.7608/163.0355/No EMA 200 Target,134.25/57.18/121.083/104.5806/134.7609/120.916/125.8,88.33%/60/1.6 year (Across ALL Assets),52.12%/165/8.1 months (Across ALL Assets),137.99
"JETS, Long, 2026-04-17 (Price: 27.92)",No Exit Yet,"0.0%, 0 days","100.0%, Past 10 years, 8","Weekly, is CONFIRMED on 2026-04-17",Already confirmed,"2026-04-17 (Price: 27.92), 0.0% below",0 days,Upmove Bounce Back,38.2% (Price: 23.6594),18.01% above,"2020-03-22 (Price: 11.25), 2026-02-15 (Price: 31.33)",23.0%/17.86%/19.25%,"-0.0%, 45.1%",4.8 years/1.9 month/1.3 year,2033-02-21/2026-07-08/2028-02-23,10.0%,0.03%,9.97%,0.0,0.05,28.4952/33.2946/39.97/No Horizontal Resistance/36.0778/41.7471/No EMA 200 Target,24.05/14.732/No F-Stack Support/No F-Stack Support/27.3266/No stop loss/26.24,88.33%/60/1.6 year (Across ALL Assets),52.12%/165/8.1 months (Across ALL Assets),25.291
"AIA.NZ, Long, 2026-04-17 (Price: 8.18)",No Exit Yet,"0.0%, 0 days","93.33%, Past 20 years, 15","Weekly, is CONFIRMED on 2026-04-17",Already confirmed,"2026-04-17 (Price: 8.18), 0.0% below",0 days,Upmove Bounce Back,78.6% (Price: 7.7534),5.5% above,"2025-07-20 (Price: 7.365), 2026-03-01 (Price: 9.18)",20.53%/2.63%/14.41%,"4.23%, 18.81%",2.3 years/2.1 months/1.1 year,2029-07-27/2026-07-17/2027-11-11,8.96%,4.53%,4.43%,0.0,0.21,8.5784/9.3587/9.27/8.953/10.766/12.7253/No EMA 200 Target,7.97/7.0/7.3669/6.5752/No stop loss/8.125/8.05,88.33%/60/1.6 year (Across ALL Assets),52.12%/165/8.1 months (Across ALL Assets),8.25
"FRW.NZ, Long, 2026-04-17 (Price: 12.25)",No Exit Yet,"0.0%, 0 days","100.0%, Past 20 years, 14","Weekly, is CONFIRMED on 2026-04-17",Already confirmed,"2026-04-17 (Price: 12.25), 0.0% below",0 days,Upmove Bounce Back,23.66% (Price: 12.0583),1.59% above,"2003-10-19 (Price: 1.76), 2026-02-15 (Price: 15.25)",20.66%/2.33%/13.82%,"0%, 39.81%",3.7 years/3.7 months/1.1 year,2031-07-29/2026-09-24/2027-11-11,9.27%,4.4%,4.87%,0.0,0.2,12.4938/13.9429/20.34/14.94/14.9925/16.4712/13.18,10.0/7.405/9.9285/8.2083/12.2169/11.28/No EMA 200 Stop Loss,88.33%/60/1.6 year (Across ALL Assets),52.12%/165/8.1 months (Across ALL Assets),12.92
"BDL.NS, Long, 2026-04-17 (Price: 1380.7)",No Exit Yet,"0.0%, 0 days","83.33%, Past 8 years, 6","Weekly, is CONFIRMED on 2026-04-17",Already confirmed,"2026-04-17 (Price: 1380.7), 0.0% below",0 days,Upmove Bounce Back,61.8% (Price: 1079.0012),27.96% above,"2023-10-29 (Price: 450.0), 2025-06-01 (Price: 2096.6001)",25.67%/16.13%/20.09%,"7.93%, 41.95%",5.8 months/1.6 month/3.9 months,2026-12-25/2026-06-25/2026-10-03,11.42%,17.32%,-5.9%,0.52,0.75,1583.3868/1658.0826/2368.66/1627.1/2336.9032/2616.0038/1488.99,1136.9/184.5375/1355.4768/1101.1152/1323.4512/1084.6251/No EMA 200 Stop Loss,88.33%/60/1.6 year (Across ALL Assets),52.12%/165/8.1 months (Across ALL Assets),1316.0
"AMZN, Long, 2026-04-17 (Price: 250.56)",No Exit Yet,"0.0%, 0 days","100.0%, Past 28 years, 7","Monthly, will be confirmed as valid at the end of this month",Signal Cancelled if Price < 196.0 prior to 2026-04-30,"2026-04-17 (Price: 250.56), 0.0% below",0 days,Upmove Bounce Back,23.66% (Price: 200.6016),24.9% above,"2018-12-31 (Price: 65.35), 2025-02-28 (Price: 242.52)",30.98%/22.5%/27.11%,"-0.0%, 57.81%",3 years/2 months/1.1 year,2030-07-29/2026-07-12/2027-11-11,8.91%,21.22%,-12.31%,0.34,0.81,351.1348/318.4868/356.86/No Horizontal Resistance/257.1563/274.1043/No EMA 200 Target,208.27/86.995/243.942/230.14/216.6816/190.9211/225.58,90.24%/41/1.4 year (Across ALL Assets),63.64%/66/9.7 months (Across ALL Assets),210.44
"NFLX, Long, 2026-04-17 (Price: 97.31)",No Exit Yet,"0.0%, 0 days","100.0%, Past 23 years, 4","Monthly, will be confirmed as valid at the end of this month",Signal Cancelled if Price < 75.01 prior to 2026-04-30,"2026-04-17 (Price: 97.31), 0.0% below",0 days,Upmove Bounce Back,50% (Price: 75.193),29.41% above,"2022-05-31 (Price: 16.271), 2025-06-30 (Price: 134.115)",31.41%/25.28%/27.8%,"-0.0%, 41.17%",1.4 year/1 month/7.1 months,2028-04-14/2026-05-30/2027-02-19,7.76%,22.11%,-14.35%,0.79,0.89,115.0302/124.3622/168.02/No Horizontal Resistance/138.686/154.9498/105.88,83.49/34.8663/77.3488/70.5306/89.0986/75.193/No EMA 200 Stop Loss,90.24%/41/1.4 year (Across ALL Assets),63.64%/66/9.7 months (Across ALL Assets),96.47
"MCY.NZ, Long, 2026-04-17 (Price: 6.55)",No Exit Yet,"0.0%, 0 days","83.33%, Past 12 years, 6","Monthly, will be confirmed as valid at the end of this month",Signal Cancelled if Price < 6.08 prior to 2026-04-30,"2026-04-17 (Price: 6.55), 0.0% below",0 days,Upmove Bounce Back,50% (Price: 6.23),5.14% above,"2025-03-31 (Price: 5.5), 2025-09-30 (Price: 6.96)",37.98%/37.98%/37.98%,"10.3%, 15.58%",1 year/1 year/1 year,2027-09-20 (Max),5.53%,5.61%,-0.08%,0.0,0.29,6.8284/9.0377/7.43/7.072/No Next Fib Ext/No Next Fib Ext/No EMA 200 Target,6.24/5.13/No F-Stack Support/No F-Stack Support/No stop loss/6.4023/6.43,90.24%/41/1.4 year (Across ALL Assets),63.64%/66/9.7 months (Across ALL Assets),6.29
"WCN.TO, Long, 2026-04-17 (Price: 218.79)",No Exit Yet,"0.0%, 0 days","80.0%, Past 23 years, 5","Monthly, will be confirmed as valid at the end of this month",Signal Cancelled if Price < 211.93 prior to 2026-04-30,"2026-04-17 (Price: 218.79), 0.0% below",0 days,Upmove Bounce Back,38.2% (Price: 214.3702),2.06% above,"2020-03-31 (Price: 100.55), 2025-04-30 (Price: 284.725)",21.48%/20.83%/21.21%,"4.1%, 15.28%",1.9 year/1 month/9.8 months,2029-01-01/2026-05-30/2027-06-16,6.79%,8.66%,-1.87%,0.54,0.49,270.862/265.1954/329.3/252.7/354.4788/566.6704/239.16,179.56/148.255/142.2872/92.1958/214.3702/192.6375/No EMA 200 Stop Loss,90.24%/41/1.4 year (Across ALL Assets),63.64%/66/9.7 months (Across ALL Assets),226.05
"WFG.TO, Long, 2026-04-17 (Price: 91.47)",No Exit Yet,"0.0%, 0 days","100.0%, Past 39 years, 5","Quarterly, will be confirmed as valid at the end of this quarter",Signal Cancelled if Price < 80.82 prior to 2026-06-30,"2026-04-17 (Price: 91.47), 0.0% below",0 days,Upmove Bounce Back,50% (Price: 81.435),12.32% above,"2020-03-31 (Price: 21.6), 2024-12-31 (Price: 141.27)",49.97%/36.39%/43.07%,"-0.0%, 47.19%",4.1 years/6.1 months/1.8 year,2032-02-21/2027-01-07/2028-11-10,8.77%,4.95%,3.82%,0.5,0.25,99.1718/130.8661/163.27/131.52/159.6818/186.4187/93.24,83.97/81.2433/89.153/80.7407/No stop loss/No stop loss/No EMA 200 Stop Loss,100.0%/3/1.4 year (Across ALL Assets),50.0%/2/9.1 months (Across ALL Assets),91.27
"PFE, Long, 2026-04-15 (Price: 27.19)",No Exit Yet,"1.36%, 2 days","92.31%, Past 5 years, 13","Daily, was CONFIRMED on 2026-04-15",Already confirmed,"2026-04-17 (Price: 27.56), 1.36% above",2 days,Upmove Bounce Back,38.2% (Price: 26.7751),2.93% above,"2025-09-25 (Price: 23.58), 2026-04-02 (Price: 28.75)",15.29%/2.93%/10.04%,"3.6%, 19.77%",8.4 months/12 days/3.5 months,2027-04-15/2026-05-02/2026-09-14,11.46%,-3.5%,14.96%,0.0,-0.25,27.2525/29.9199/30.29/55.39/66.4672/73.1352/No EMA 200 Target,26.92/23.345/21.508/20.5265/No F-Track Level/No F-Track Level/25.61,91.64%/299/5 months (Across ALL Assets),46.15%/52/5.5 months (Across ALL Assets),27.18
"ATM.NZ, Long, 2026-04-15 (Price: 9.4)",No Exit Yet,"-3.09%, 2 days","100.0%, Past 5 years, 15","Daily, was CONFIRMED on 2026-04-15",Already confirmed,"2026-04-17 (Price: 9.11), 3.09% below",2 days,Upmove Bounce Back,38.2% (Price: 9.3482),2.55% below,"2024-11-13 (Price: 5.22), 2026-03-09 (Price: 11.9)",20.37%/5.32%/11.53%,"-0.0%, 37.5%",1.1 year/21 days/5.1 months,2027-11-09/2026-05-15/2026-11-22,29.41%,4.09%,25.32%,0.0,0.25,10.1323/10.4838/13.41/10.965/21.86/25.8879/10.19,8.35/5.292/9.2893/8.6495/No F-Track Level/No F-Track Level/No EMA 200 Stop Loss,91.64%/299/5 months (Across ALL Assets),46.15%/52/5.5 months (Across ALL Assets),9.63
"CSU.TO, Long, 2026-04-15 (Price: 2631.5601)",No Exit Yet,"-0.19%, 2 days","89.47%, Past 5 years, 19","Daily, was CONFIRMED on 2026-04-15",Already confirmed,"2026-04-17 (Price: 2626.45), 0.19% below",2 days,Upmove Bounce Back,88.6% (Price: 2287.7278),14.81% above,"2026-02-12 (Price: 2196.0), 2026-03-10 (Price: 3000.6299)",12.04%/1.2%/8.23%,"3.21%, 23.45%",1.3 year/15 days/3.7 months,2028-02-21/2026-05-06/2026-09-22,25.77%,4.4%,21.37%,0.0,0.22,2760.7697/2848.1375/3114.34/5050.3501/No Next Fib Ext/No Next Fib Ext/3518.21,2295.18/1788.955/No F-Stack Support/No F-Stack Support/No F-Track Level/No F-Track Level/No EMA 200 Stop Loss,91.64%/299/5 months (Across ALL Assets),46.15%/52/5.5 months (Across ALL Assets),2550.01
"META, Long, 2026-04-12 (Price: 629.86)",No Exit Yet,"9.32%, 5 days","100.0%, Past 13 years, 9","Weekly, was CONFIRMED on 2026-04-12",Already confirmed,"2026-04-17 (Price: 688.55), 9.32% above",5 days,Upmove Bounce Back,38.2% (Price: 525.7329),30.97% above,"2022-11-06 (Price: 88.09), 2025-08-17 (Price: 796.25)",20.56%/15.24%/17.03%,"-0.0%, 73.01%",2.1 years/21 days/8.4 months,2029-04-11/2026-05-12/2027-04-12,15.2%,14.59%,0.61%,0.0,0.68,744.9354/737.1252/1054.76/742.455/842.484/1305.5879/681.26,525.72/276.89/556.264/No stop loss/No F-Track Level/No F-Track Level/No EMA 200 Stop Loss,88.33%/60/1.6 year (Across ALL Assets),52.12%/165/8.1 months (Across ALL Assets),577.69
"BRK-B, Long, 2026-04-12 (Price: 479.9)",No Exit Yet,"-1.11%, 5 days","95.45%, Past 20 years, 22","Weekly, was CONFIRMED on 2026-04-12",Already confirmed,"2026-04-17 (Price: 474.58), 1.11% below",5 days,Upmove Bounce Back,61.8% (Price: 478.7441),0.87% below,"2025-08-10 (Price: 455.19), 2025-11-30 (Price: 516.85)",19.45%/0.58%/14.32%,"0.28%, 26.48%",2.7 years/2.3 months/8.9 months,2030-02-17/2026-07-20/2027-05-03,11.31%,7.65%,3.66%,0.0,0.43,520.4036/548.6217/516.9/512.2133/630.85/709.9376/490.16,468.49/268.082/449.7662/405.99/No F-Track Level/No F-Track Level/No EMA 200 Stop Loss,88.33%/60/1.6 year (Across ALL Assets),52.12%/165/8.1 months (Across ALL Assets),475.66
"FXI, Long, 2026-04-12 (Price: 36.25)",No Exit Yet,"3.72%, 5 days","94.44%, Past 20 years, 18","Weekly, was CONFIRMED on 2026-04-12",Already confirmed,"2026-04-17 (Price: 37.6), 3.72% above",5 days,Upmove Bounce Back,38.2% (Price: 33.9245),10.83% above,"2024-01-28 (Price: 20.86), 2025-10-05 (Price: 42.0)",20.93%/0.55%/14.97%,"1.3%, 33.51%",4.3 years/2.3 months/1.8 year,2032-06-01/2026-07-20/2028-11-05,9.45%,1.16%,8.29%,0.0,0.04,37.5622/41.6766/48.93/42.105/90.5742/95.3274/38.67,34.85/20.865/No F-Stack Support/No F-Stack Support/No F-Track Level/No F-Track Level/No EMA 200 Stop Loss,88.33%/60/1.6 year (Across ALL Assets),52.12%/165/8.1 months (Across ALL Assets),35.34
"IEI, Long, 2026-04-12 (Price: 118.42)",No Exit Yet,"0.51%, 5 days","87.5%, Past 19 years, 16","Weekly, was CONFIRMED on 2026-04-12",Already confirmed,"2026-04-17 (Price: 119.02), 0.51% above",5 days,Upmove Bounce Back,23.66% (Price: 119.2965),0.23% below,"2025-01-19 (Price: 114.51), 2026-03-01 (Price: 120.78)",15.01%/1.09%/3.96%,"2.66%, 7.33%",9.5 years/4 months/2.5 years,2039-11-03/2026-10-02/2029-11-05,-1.45%,0.62%,-2.07%,0.0,-0.91,120.2555/123.1094/122.18/130.0867/No Next Fib Ext/No Next Fib Ext/119.26,117.96/113.8775/No F-Stack Support/No F-Stack Support/No F-Track Level/No F-Track Level/No EMA 200 Stop Loss,88.33%/60/1.6 year (Across ALL Assets),52.12%/165/8.1 months (Across ALL Assets),118.07
"SLV, Long, 2026-04-12 (Price: 69.08)",No Exit Yet,"6.59%, 5 days","91.67%, Past 19 years, 12","Weekly, was CONFIRMED on 2026-04-12",Already confirmed,"2026-04-17 (Price: 73.63), 6.59% above",5 days,Upmove Bounce Back,50% (Price: 60.345),22.02% above,"2020-03-22 (Price: 10.86), 2026-02-01 (Price: 109.83)",27.39%/2.49%/16.88%,"27.01%, 72.45%",14.4 years/2.1 months/3.8 years,2046-11-01/2026-07-12/2031-09-14,3.0%,5.64%,-2.64%,0.0,0.29,93.334/80.7407/128.46/No Horizontal Resistance/89.0774/95.4033/No EMA 200 Target,61.52/18.99/67.9787/59.1217/No F-Track Level/No F-Track Level/54.66,88.33%/60/1.6 year (Across ALL Assets),52.12%/165/8.1 months (Across ALL Assets),65.85
"XLV, Long, 2026-04-12 (Price: 147.31)",No Exit Yet,"1.01%, 5 days","100.0%, Past 20 years, 18","Weekly, was CONFIRMED on 2026-04-12",Already confirmed,"2026-04-17 (Price: 148.8), 1.01% above",5 days,Upmove Bounce Back,50% (Price: 143.97),3.35% above,"2025-05-18 (Price: 127.35), 2026-01-11 (Price: 160.59)",16.96%/1.4%/12.81%,"-0.0%, 24.31%",2.3 years/2.8 months/1.1 year,2029-07-22/2026-08-11/2027-11-06,9.46%,5.57%,3.89%,0.0,0.31,No Target/166.1804/167.25/159.855/174.1807/202.706/No EMA 200 Target,143.26/120.475/117.2225/81.225/No F-Track Level/No F-Track Level/146.46,88.33%/60/1.6 year (Across ALL Assets),52.12%/165/8.1 months (Across ALL Assets),146.28
"XLF, Long, 2026-04-12 (Price: 50.77)",No Exit Yet,"3.27%, 5 days","100.0%, Past 20 years, 18","Weekly, was CONFIRMED on 2026-04-12",Already confirmed,"2026-04-17 (Price: 52.43), 3.27% above",5 days,Upmove Bounce Back,38.2% (Price: 46.9089),11.77% above,"2023-10-29 (Price: 31.36), 2026-01-11 (Price: 56.52)",18.9%/6.5%/15.52%,"-0.0%, 39.33%",2.9 years/2.1 months/1.1 year,2030-06-02/2026-07-12/2027-11-06,11.14%,2.25%,8.89%,0.0,0.1,55.9993/58.6495/65.87/51.78/70.6138/110.4396/52.7,47.81/30.1167/45.9996/No stop loss/No F-Track Level/No F-Track Level/No EMA 200 Stop Loss,88.33%/60/1.6 year (Across ALL Assets),52.12%/165/8.1 months (Across ALL Assets),49.51
"MA, Long, 2026-04-12 (Price: 498.66)",No Exit Yet,"4.54%, 5 days","90.48%, Past 19 years, 21","Weekly, was CONFIRMED on 2026-04-12",Already confirmed,"2026-04-17 (Price: 521.3), 4.54% above",5 days,Upmove Bounce Back,23.66% (Price: 475.6409),9.6% above,"2014-04-13 (Price: 68.68), 2025-08-24 (Price: 601.77)",20.8%/7.86%/16.28%,"10.74%, 25.66%",1.6 year/1.4 month/6.4 months,2028-07-24/2026-06-11/2027-01-15,12.77%,18.03%,-5.26%,0.0,0.93,535.3614/579.8418/818.51/592.095/716.5814/751.3605/550.84,484.24/305.0867/442.8637/361.9068/No F-Track Level/No F-Track Level/No EMA 200 Stop Loss,88.33%/60/1.6 year (Across ALL Assets),52.12%/165/8.1 months (Across ALL Assets),493.75
"SONY, Long, 2026-04-12 (Price: 21.05)",No Exit Yet,"3.09%, 5 days","100.0%, Past 20 years, 20","Weekly, was CONFIRMED on 2026-04-12",Already confirmed,"2026-04-17 (Price: 21.7), 3.09% above",5 days,Upmove Bounce Back,38.2% (Price: 19.4813),11.39% above,"2012-12-09 (Price: 1.914), 2025-11-16 (Price: 30.34)",22.46%/3.67%/15.62%,"-0.0%, 82.39%",11.3 years/14 days/1.3 year,2042-05-30/2026-05-02/2028-02-18,9.08%,2.8%,6.28%,0.0,0.16,21.9404/24.338/38.11/26.85/33.2191/35.3948/25.57,19.91/14.992/16.3295/14.1868/No F-Track Level/No F-Track Level/No EMA 200 Stop Loss,88.33%/60/1.6 year (Across ALL Assets),52.12%/165/8.1 months (Across ALL Assets),20.65
"BIPC.TO, Long, 2026-04-12 (Price: 58.11)",No Exit Yet,"-1.07%, 5 days","100.0%, Past 18 years, 4","Weekly, was CONFIRMED on 2026-04-12",Already confirmed,"2026-04-17 (Price: 57.49), 1.07% below",5 days,Upmove Bounce Back,78.6% (Price: 50.9109),12.92% above,"2025-04-13 (Price: 45.7), 2026-02-15 (Price: 70.05)",16.58%/5.26%/12.71%,"-0.0%, 43.75%",3.2 years/2.3 months/1.3 year,2030-11-05/2026-07-20/2028-02-18,8.35%,6.28%,2.07%,0.0,0.32,59.9986/65.4958/72.72/67.0517/No Next Fib Ext/No Next Fib Ext/60.43,52.45/44.9667/No F-Stack Support/No F-Stack Support/No F-Track Level/No F-Track Level/No EMA 200 Stop Loss,88.33%/60/1.6 year (Across ALL Assets),52.12%/165/8.1 months (Across ALL Assets),55.81
"DOL.TO, Long, 2026-04-12 (Price: 176.82)",No Exit Yet,"-0.18%, 5 days","100.0%, Past 16 years, 5","Weekly, was CONFIRMED on 2026-04-12",Already confirmed,"2026-04-17 (Price: 176.51), 0.18% below",5 days,Upmove Bounce Back,23.66% (Price: 168.4935),4.76% above,"2020-03-22 (Price: 34.7), 2025-12-14 (Price: 209.96)",23.76%/3.36%/13.51%,"-0.0%, 37.85%",2.6 years/1.9 month/1 year,2029-12-27/2026-07-03/2027-09-15,7.2%,18.41%,-11.21%,0.0,1.16,188.2603/200.7084/281.98/199.54/294.0831/455.769/189.94,166.76/53.2967/132.3972/94.2286/No F-Track Level/No F-Track Level/No EMA 200 Stop Loss,88.33%/60/1.6 year (Across ALL Assets),52.12%/165/8.1 months (Across ALL Assets),172.35
"EFN.TO, Long, 2026-04-12 (Price: 32.09)",No Exit Yet,"1.99%, 5 days","90.0%, Past 20 years, 10","Weekly, was CONFIRMED on 2026-04-12",Already confirmed,"2026-04-17 (Price: 32.73), 1.99% above",5 days,Upmove Bounce Back,23.66% (Price: 29.9672),9.22% above,"2018-03-18 (Price: 3.21), 2025-11-02 (Price: 38.26)",27.12%/15.11%/17.81%,"4.16%, 79.1%",4.3 years/2.6 months/1 year,2032-06-01/2026-08-02/2027-09-15,7.3%,9.68%,-2.38%,0.0,0.49,35.7836/37.8052/53.12/34.925/45.1741/70.5281/35.24,30.11/12.67/29.5041/No stop loss/No F-Track Level/No F-Track Level/No EMA 200 Stop Loss,88.33%/60/1.6 year (Across ALL Assets),52.12%/165/8.1 months (Across ALL Assets),30.62
"^NZ50, Long, 2026-04-12 (Price: 13181.4404)",No Exit Yet,"-2.09%, 5 days","100.0%, Past 20 years, 9","Weekly, was CONFIRMED on 2026-04-12",Already confirmed,"2026-04-17 (Price: 12905.6699), 2.09% below",5 days,Upmove Bounce Back,23.66% (Price: 12444.8947),3.7% above,"2020-03-29 (Price: 8209.04), 2026-01-18 (Price: 13757.71)",16.08%/8.71%/13.84%,"-0.0%, 11.02%",1.7 year/2.8 months/10.1 months,2028-09-14/2026-08-11/2027-06-24,7.82%,4.43%,3.39%,0.0,0.22,13615.1098/15005.7518/16510.64/13448.908/14773.8816/17170.3822/13223.88,12902.15/10608.2731/12904.4271/10062.5272/No F-Track Level/No F-Track Level/No EMA 200 Stop Loss,88.33%/60/1.6 year (Across ALL Assets),52.12%/165/8.1 months (Across ALL Assets),12902.1504
"EURUSD=X, Long, 2026-04-05 (Price: 1.1542)",No Exit Yet,"1.95%, 12 days","100.0%, Past 20 years, 11","Weekly, was CONFIRMED on 2026-04-05",Already confirmed,"2026-04-17 (Price: 1.1767), 1.95% above",12 days,Upmove Bounce Back,23.66% (Price: 1.1436),2.89% above,"2022-10-02 (Price: 0.954), 2026-02-01 (Price: 1.2024)",15.74%/3.0%/6.92%,"-0.0%, 9.9%",1.6 year/4 months/9.6 months,2028-07-17/2026-09-25/2027-05-27,4.61%,-0.17%,4.78%,0.0,-0.5,No Target/1.2341/1.3/1.1998/1.6296/1.7649/1.17,1.15/1.0208/No F-Stack Support/No F-Stack Support/No F-Track Level/No F-Track Level/No EMA 200 Stop Loss,88.33%/60/1.6 year (Across ALL Assets),52.12%/165/8.1 months (Across ALL Assets),1.1492
"SFTBY, Long, 2026-04-05 (Price: 11.49)",2026-04-17 (Price: 14.74),"28.29%, 12 days","100.0%, Past 14 years, 12","Weekly, was CONFIRMED on 2026-04-05",Already confirmed,"2026-04-17 (Price: 14.74), 28.29% above",12 days,Upmove Bounce Back,61.8% (Price: 10.4799),40.65% above,"2020-03-22 (Price: 3.05), 2025-11-02 (Price: 22.5)",29.9%/6.41%/20.24%,"-0.0%, 64.01%",4.4 years/28 days/11.4 months,2032-07-16/2026-05-15/2027-08-13,16.58%,9.8%,6.78%,0.0,0.48,12.9894/13.8156/23.16/11.9025/23.8631/28.8451/13.85,10.91/4.205/10.0807/8.1314/No F-Track Level/No F-Track Level/No EMA 200 Stop Loss,88.33%/60/1.6 year (Across ALL Assets),52.12%/165/8.1 months (Across ALL Assets),11.56
"XLU, Long, 2026-04-05 (Price: 46.34)",No Exit Yet,"-0.39%, 12 days","100.0%, Past 20 years, 21","Weekly, was CONFIRMED on 2026-04-05",Already confirmed,"2026-04-17 (Price: 46.16), 0.39% below",12 days,Upmove Bounce Back,23.66% (Price: 44.8922),2.82% above,"2025-04-13 (Price: 35.51), 2026-03-01 (Price: 47.8)",18.94%/4.73%/14.27%,"0%, 42.71%",6.5 years/4.2 months/1.3 year,2035-07-16/2026-10-04/2028-02-11,10.6%,3.98%,6.62%,0.0,0.17,47.7163/52.9527/53.71/No Horizontal Resistance/49.4858/65.2454/No EMA 200 Target,42.51/29.8725/43.7042/35.4254/No F-Track Level/No F-Track Level/43.97,88.33%/60/1.6 year (Across ALL Assets),52.12%/165/8.1 months (Across ALL Assets),46.17
"BAC, Long, 2026-04-05 (Price: 49.38)",No Exit Yet,"9.17%, 12 days","100.0%, Past 20 years, 16","Weekly, was CONFIRMED on 2026-04-05",Already confirmed,"2026-04-17 (Price: 53.91), 9.17% above",12 days,Upmove Bounce Back,50% (Price: 45.31),18.98% above,"2025-04-13 (Price: 33.07), 2026-01-11 (Price: 57.55)",23.39%/15.5%/17.77%,"-0.0%, 66.1%",3.5 years/7 days/11.2 months,2031-04-04/2026-04-15/2027-08-04,14.41%,0.32%,14.09%,0.0,0.15,53.5427/58.1548/64.07/No Horizontal Resistance/72.41/85.2389/51.15,46.72/29.49/No F-Stack Support/No F-Stack Support/No F-Track Level/No F-Track Level/No EMA 200 Stop Loss,88.33%/60/1.6 year (Across ALL Assets),52.12%/165/8.1 months (Across ALL Assets),47.55
"RHHBY, Long, 2026-04-05 (Price: 49.85)",No Exit Yet,"2.69%, 12 days","100.0%, Past 20 years, 14","Weekly, was CONFIRMED on 2026-04-05",Already confirmed,"2026-04-17 (Price: 51.19), 2.69% above",12 days,Upmove Bounce Back,38.2% (Price: 47.2508),8.34% above,"2016-12-11 (Price: 25.25), 2026-03-01 (Price: 60.85)",21.61%/3.05%/15.13%,"0%, 43.58%",5.7 years/3 months/2.7 years,2034-05-25/2026-08-13/2030-02-10,5.9%,3.51%,2.39%,0.0,0.15,56.6196/57.3923/71.21/52.46/65.2057/86.6196/No EMA 200 Target,47.39/34.5167/41.5794/31.0544/No F-Track Level/No F-Track Level/47.29,88.33%/60/1.6 year (Across ALL Assets),52.12%/165/8.1 months (Across ALL Assets),49.02
"SJ.TO, Long, 2026-04-05 (Price: 93.2)",No Exit Yet,"-10.18%, 12 days","100.0%, Past 20 years, 14","Weekly, was CONFIRMED on 2026-04-05",Already confirmed,"2026-04-17 (Price: 83.71), 10.18% below",12 days,Upmove Bounce Back,38.2% (Price: 86.3929),3.11% below,"2025-04-13 (Price: 62.26), 2026-02-15 (Price: 101.31)",21.37%/1.1%/14.81%,"-0.0%, 49.7%",7.2 years/1.2 month/1.4 year,2036-07-15/2026-05-27/2028-04-02,8.83%,10.8%,-1.97%,0.0,0.56,105.8938/107.0029/116.63/No Horizontal Resistance/95.0177/123.2166/No EMA 200 Target,88.63/38.015/87.8633/66.807/No F-Track Level/No F-Track Level/85.14,88.33%/60/1.6 year (Across ALL Assets),52.12%/165/8.1 months (Across ALL Assets),94.19
"EFA, Long, 2026-04-05 (Price: 98.0)",No Exit Yet,"6.45%, 12 days","100.0%, Past 20 years, 16","Weekly, was CONFIRMED on 2026-04-05",Already confirmed,"2026-04-17 (Price: 104.32), 6.45% above",12 days,Upmove Bounce Back,38.2% (Price: 93.0322),12.13% above,"2025-04-13 (Price: 72.15), 2026-03-01 (Price: 105.94)",16.48%/4.35%/14.67%,"0%, 37.48%",6.7 years/3 months/1.9 year,2035-10-28/2026-08-13/2028-12-20,7.42%,1.45%,5.97%,0.0,-0.02,100.2932/112.3766/118.27/No Horizontal Resistance/No Next Fib Ext/No Next Fib Ext/No EMA 200 Target,93.59/66.265/No F-Stack Support/No F-Stack Support/No F-Track Level/No F-Track Level/95.59,88.33%/60/1.6 year (Across ALL Assets),52.12%/165/8.1 months (Across ALL Assets),94.72
"EWJ, Long, 2026-04-05 (Price: 85.29)",No Exit Yet,"5.75%, 12 days","94.12%, Past 20 years, 17","Weekly, was CONFIRMED on 2026-04-05",Already confirmed,"2026-04-17 (Price: 90.19), 5.75% above",12 days,Upmove Bounce Back,23.66% (Price: 81.8183),10.23% above,"2020-03-22 (Price: 41.61), 2026-02-15 (Price: 94.28)",17.95%/2.64%/13.7%,"1.05%, 28.1%",3.7 years/3.3 months/1.3 year,2031-07-17/2026-08-26/2028-02-11,8.64%,1.37%,7.27%,0.0,-0.04,91.6697/96.9747/116.89/No Horizontal Resistance/95.5508/104.8752/No EMA 200 Target,81.2/53.915/83.4752/68.8472/No F-Track Level/No F-Track Level/82.34,88.33%/60/1.6 year (Across ALL Assets),52.12%/165/8.1 months (Across ALL Assets),82.65
"GOOG, Long, 2026-04-01 (Price: 294.9)",2026-04-14 (Price: 330.58),"12.1%, 13 days","93.33%, Past 5 years, 15","Daily, was CONFIRMED on 2026-04-01",Already confirmed,"2026-04-17 (Price: 339.4), 15.09% above",16 days,Upmove Bounce Back,23.66% (Price: 278.3121),21.95% above,"2023-07-11 (Price: 115.83), 2025-11-25 (Price: 328.67)",14.46%/1.56%/9.64%,"3.48%, 44.6%",2.6 years/25 days/8.1 months,2029-12-16/2026-05-07/2027-03-18,16.46%,14.57%,1.89%,0.0,0.75,321.7064/323.3284/422.6/No Horizontal Resistance/345.4418/365.3613/No EMA 200 Target,273.14/84.51/285.4807/240.3589/No F-Track Level/No F-Track Level/272.84,91.64%/299/5 months (Across ALL Assets),46.15%/52/5.5 months (Across ALL Assets),289.98
"TSM, Long, 2026-04-01 (Price: 341.49)",2026-04-14 (Price: 379.89),"11.24%, 13 days","95.65%, Past 5 years, 23","Daily, was CONFIRMED on 2026-04-01",Already confirmed,"2026-04-17 (Price: 370.5), 8.5% above",16 days,Upmove Bounce Back,61.8% (Price: 313.955),18.01% above,"2025-11-21 (Price: 266.82), 2026-02-25 (Price: 390.21)",13.85%/10.09%/11.58%,"1.02%, 51.98%",2.1 years/6 days/3.5 months,2029-03-31/2026-04-09/2026-08-31,40.24%,15.76%,24.48%,0.0,0.75,376.8342/381.0345/415.52/No Horizontal Resistance/436.8357/502.8791/No EMA 200 Target,316.5/83.575/334.306/272.4436/No F-Track Level/No F-Track Level/297.62,91.64%/299/5 months (Across ALL Assets),46.15%/52/5.5 months (Across ALL Assets),343.9
"JETS, Long, 2026-04-01 (Price: 25.27)",2026-04-17 (Price: 27.92),"10.49%, 16 days","100.0%, Past 5 years, 14","Daily, was CONFIRMED on 2026-04-01",Already confirmed,"2026-04-17 (Price: 27.92), 10.49% above",16 days,Upmove Bounce Back,50% (Price: 23.01),21.34% above,"2023-10-31 (Price: 14.69), 2026-02-11 (Price: 31.33)",14.21%/6.23%/11.43%,"-0.0%, 40.54%",3.2 years/16 days/1.1 year,2030-10-25/2026-04-24/2027-10-26,18.68%,-1.36%,20.04%,0.0,-0.04,26.857/28.1584/35.25/27.1773/No Next Fib Ext/No Next Fib Ext/26.24,23.64/14.732/No F-Stack Support/No F-Stack Support/No F-Track Level/No F-Track Level/No EMA 200 Stop Loss,91.64%/299/5 months (Across ALL Assets),46.15%/52/5.5 months (Across ALL Assets),25.07
"PG, Long, 2026-03-31 (Price: 144.44)",No Exit Yet,"1.72%, 17 days","82.35%, Past 39 years, 17","Monthly, was CONFIRMED on 2026-03-31",Already confirmed,"2026-04-17 (Price: 146.93), 1.72% above",17 days,Upmove Bounce Back,23.66% (Price: 140.4168),4.64% above,"1993-08-31 (Price: 11.3125), 2024-11-30 (Price: 180.43)",28.42%/2.46%/17.69%,"3.78%, 32.43%",5.2 years/4.1 months/1.6 year,2033-09-01/2026-09-23/2028-07-12,6.45%,5.97%,0.48%,0.0,0.32,147.8777/169.9914/245.91/179.4533/186.6499/209.3631/151.24,143.31/130.72/140.2317/117.5404/No F-Track Level/No F-Track Level/No EMA 200 Stop Loss,90.24%/41/1.4 year (Across ALL Assets),63.64%/66/9.7 months (Across ALL Assets),165.29
"TD, Long, 2026-03-31 (Price: 93.31)",2026-04-14 (Price: 103.13),"10.52%, 14 days","100.0%, Past 5 years, 11","Daily, was CONFIRMED on 2026-03-31",Already confirmed,"2026-04-17 (Price: 105.35), 12.9% above",17 days,Upmove Bounce Back,23.66% (Price: 89.2001),18.11% above,"2025-04-07 (Price: 54.87), 2026-02-27 (Price: 99.84)",11.2%/0.13%/8.65%,"-0.0%, 37.04%",3.8 years/29 days/1.6 year,2031-09-02/2026-05-12/2028-07-12,10.04%,5.28%,4.76%,0.0,0.27,99.7111/101.3813/120.29/No Horizontal Resistance/115.2091/125.1041/No EMA 200 Target,91.37/54.526/75.6865/62.3451/No F-Track Level/No F-Track Level/85.68,91.64%/299/5 months (Across ALL Assets),46.15%/52/5.5 months (Across ALL Assets),92.52
"PPL.TO, Long, 2026-03-31 (Price: 62.27)",No Exit Yet,"-6.58%, 17 days","100.0%, Past 22 years, 4","Monthly, was CONFIRMED on 2026-03-31",Already confirmed,"2026-04-17 (Price: 58.17), 6.58% below",17 days,Upmove Bounce Back,50% (Price: 49.755),16.91% above,"2023-10-31 (Price: 38.79), 2024-11-30 (Price: 60.72)",21.79%/20.55%/21.17%,"-0.0%, 7.07%",9.1 months/9.1 months/9.1 months,2027-04-30 (Max),8.43%,5.11%,3.32%,1.26,0.26,64.4993/75.4526/75.43/No Horizontal Resistance/No Next Fib Ext/No Next Fib Ext/No EMA 200 Target,51.13/37.49/No F-Stack Support/No F-Stack Support/No F-Track Level/No F-Track Level/54.92,90.24%/41/1.4 year (Across ALL Assets),63.64%/66/9.7 months (Across ALL Assets),61.0
"GS, Long, 2026-03-29 (Price: 802.89)",2026-04-17 (Price: 925.95),"15.33%, 19 days","100.0%, Past 20 years, 16","Weekly, was CONFIRMED on 2026-03-29",Already confirmed,"2026-04-17 (Price: 925.95), 15.33% above",19 days,Upmove Bounce Back,23.66% (Price: 782.6791),18.31% above,"2020-03-22 (Price: 130.85), 2026-01-18 (Price: 984.7)",25.08%/15.22%/18.64%,"-0.0%, 50.45%",5 years/1.4 month/1.4 year,2033-05-18/2026-05-28/2028-03-26,11.93%,6.09%,5.84%,0.0,0.32,865.114/952.5487/1315.2/No Horizontal Resistance/1261.1009/1964.4733/820.27,782.21/288.555/794.5775/594.2082/No F-Track Level/No F-Track Level/No EMA 200 Stop Loss,88.33%/60/1.6 year (Across ALL Assets),52.12%/165/8.1 months (Across ALL Assets),833.0
"JETS, Long, 2026-03-29 (Price: 24.13)",2026-04-17 (Price: 27.92),"15.71%, 19 days","100.0%, Past 10 years, 8","Weekly, was CONFIRMED on 2026-03-29",Already confirmed,"2026-04-17 (Price: 27.92), 15.71% above",19 days,Upmove Bounce Back,50% (Price: 24.22),15.28% above,"2025-04-13 (Price: 17.11), 2026-02-15 (Price: 31.33)",23.0%/17.86%/19.25%,"-0.0%, 45.1%",4.8 years/1.9 month/1.3 year,2033-02-02/2026-06-19/2028-02-04,10.0%,0.03%,9.97%,0.0,0.05,24.6271/28.775/32.66/27.1773/No Next Fib Ext/No Next Fib Ext/26.24,24.05/14.732/No F-Stack Support/No F-Stack Support/No F-Track Level/No F-Track Level/No EMA 200 Stop Loss,88.33%/60/1.6 year (Across ALL Assets),52.12%/165/8.1 months (Across ALL Assets),25.2
"BEL.NS, Long, 2026-03-25 (Price: 413.45)",2026-04-16 (Price: 455.65),"10.21%, 22 days","92.86%, Past 5 years, 14","Daily, was CONFIRMED on 2026-03-25",Already confirmed,"2026-04-17 (Price: 462.75), 11.92% above",23 days,Upmove Bounce Back,78.6% (Price: 400.352),15.59% above,"2025-12-18 (Price: 380.45), 2026-03-06 (Price: 473.45)",13.85%/10.08%/11.54%,"1.47%, 23.88%",9.7 months/16 days/4.2 months,2027-05-20/2026-04-17/2026-09-23,27.95%,37.48%,-9.53%,0.0,1.95,484.2326/461.1621/469.25/433.5/456.8119/613.9011/No EMA 200 Target,405.5/61.7416/382.9941/287.8162/No F-Track Level/No F-Track Level/412.17,91.64%/299/5 months (Across ALL Assets),46.15%/52/5.5 months (Across ALL Assets),416.3
"EEM, Long, 2026-03-24 (Price: 56.52)",2026-04-14 (Price: 62.24),"10.12%, 21 days","100.0%, Past 5 years, 13","Daily, was CONFIRMED on 2026-03-24",Already confirmed,"2026-04-17 (Price: 63.64), 12.6% above",24 days,Upmove Bounce Back,38.2% (Price: 54.6604),16.43% above,"2023-10-23 (Price: 36.38), 2026-02-27 (Price: 65.96)",12.05%/4.13%/9.07%,"-0.0%, 16.11%",1.9 year/2 months/7.8 months,2028-12-08/2026-06-18/2027-02-25,20.04%,0.9%,19.14%,0.0,-0.08,56.9269/61.6464/74.27/No Horizontal Resistance/No Next Fib Ext/No Next Fib Ext/No EMA 200 Target,55.64/36.64/No F-Stack Support/No F-Stack Support/No F-Track Level/No F-Track Level/54.78,91.64%/299/5 months (Across ALL Assets),46.15%/52/5.5 months (Across ALL Assets),56.13
"NA.TO, Long, 2026-03-24 (Price: 179.48)",2026-04-13 (Price: 197.54),"10.06%, 20 days","100.0%, Past 5 years, 15","Daily, was CONFIRMED on 2026-03-24",Already confirmed,"2026-04-17 (Price: 202.92), 13.06% above",24 days,Upmove Bounce Back,23.66% (Price: 173.1163),17.22% above,"2025-04-09 (Price: 106.67), 2026-02-27 (Price: 193.71)",15.25%/10.02%/10.96%,"-0.0%, 20.53%",2.3 years/21 days/7.8 months,2029-07-03/2026-04-23/2027-02-25,25.56%,11.52%,14.04%,0.0,0.82,184.7926/199.151/231.7/No Horizontal Resistance/207.1743/217.2943/No EMA 200 Target,175.12/82.9367/148.3746/134.0186/No F-Track Level/No F-Track Level/163.3,91.64%/299/5 months (Across ALL Assets),46.15%/52/5.5 months (Across ALL Assets),177.81
"AMZN, Long, 2026-03-08 (Price: 213.21)",2026-04-17 (Price: 250.56),"17.52%, 1.3 month","87.5%, Past 20 years, 16","Weekly, was CONFIRMED on 2026-03-08",Already confirmed,"2026-04-17 (Price: 250.56), 17.52% above",1.3 month,Upmove Bounce Back,23.66% (Price: 200.6016),24.9% above,"2018-12-30 (Price: 65.35), 2025-02-09 (Price: 242.52)",24.26%/0.75%/15.96%,"4.55%, 54.31%",2.8 years/28 days/8.6 months,2030-03-05/2026-04-17/2027-03-16,10.46%,18.08%,-7.62%,0.0,0.86,240.7781/247.2383/319.51/241.71/317.6152/339.3352/225.58,198.79/86.995/213.1321/193.0625/No F-Track Level/No F-Track Level/No EMA 200 Stop Loss,88.33%/60/1.6 year (Across ALL Assets),52.12%/165/8.1 months (Across ALL Assets),204.55
"ETH-USD, Long, 2026-02-22 (Price: 1957.8059)",2026-04-17 (Price: 2343.78),"19.71%, 1.8 month","100.0%, Past 10 years, 6","Weekly, was CONFIRMED on 2026-02-22",Already confirmed,"2026-04-17 (Price: 2343.78), 19.71% above",1.8 month,Upmove Bounce Back,88.6% (Price: 1793.4297),30.69% above,"2025-04-13 (Price: 1386.7993), 2025-08-24 (Price: 4953.7329)",33.25%/15.64%/23.72%,"-0.0%, 44.11%",5.4 months/7 days/2.7 months,2026-10-14/2026-03-04/2026-06-19,38.51%,17.52%,20.99%,0.0,0.91,2096.2228/2422.1975/4097.97/4922.7188/4887.278/5344.0381/2884.63,1576.73/1370.4997/1681.3515/1572.5258/No F-Track Level/No F-Track Level/No EMA 200 Stop Loss,88.33%/60/1.6 year (Across ALL Assets),52.12%/165/8.1 months (Across ALL Assets),1965.9232
"MU, Long, 2025-12-31 (Price: 285.41)",2026-04-17 (Price: 455.07),"59.44%, 3.6 months","100.0%, Past 41 years, 4","Quarterly, was CONFIRMED on 2025-12-31",Already confirmed,"2026-04-17 (Price: 455.07), 59.44% above",3.6 months,Upmove Bounce Back,88.6% (Price: 60.8685),647.63% above,"2022-12-31 (Price: 48.43), 2024-06-30 (Price: 157.54)",60.09%/30.18%/39.46%,"0%, 84.83%",10.1 years/3.1 months/2.8 years,2040-06-01/2026-05-14/2029-12-28,8.19%,8.72%,-0.53%,0.31,0.46,585.2332/398.0328/350.88/No Horizontal Resistance/No Target/293.6684/No EMA 200 Target,49.98/48.44/232.8481/218.3057/No F-Track Level/No F-Track Level/258.24,100.0%/3/1.4 year (Across ALL Assets),50.0%/2/9.1 months (Across ALL Assets),165.6
"RELIANCE.NS, Long, 2025-11-30 (Price: 1567.5)",2026-04-17 (Price: 1365.0),"-12.92%, 4.6 months","75.0%, Past 48 years, 8","Monthly, was CONFIRMED on 2025-11-30",Already confirmed,"2026-04-17 (Price: 1365.0), 12.92% below",4.6 months,Upmove Bounce Back,23.66% (Price: 1322.8731),3.18% above,"2020-03-31 (Price: 400.3177), 2024-07-31 (Price: 1608.8)",42.5%/21.29%/27.07%,"16.77%, 28.2%",1.6 year/3 months/8.1 months,2028-03-13/2026-04-09/2026-11-16,9.14%,13.13%,-3.99%,0.0,0.61,2357.3632/1991.8222/2292.59/No Horizontal Resistance/2250.6285/2387.5727/No EMA 200 Target,1200.1/855.3207/1503.6962/1393.886/No F-Track Level/No F-Track Level/1442.39,90.24%/41/1.4 year (Across ALL Assets),63.64%/66/9.7 months (Across ALL Assets),1486.0
"RELIANCE.NS, Long, 2025-06-30 (Price: 1500.6)",2026-04-17 (Price: 1365.0),"-9.04%, 9.7 months","75.0%, Past 48 years, 8","Monthly, was CONFIRMED on 2025-06-30",Already confirmed,"2026-04-17 (Price: 1365.0), 9.04% below",9.7 months,Upmove Bounce Back,78.6% (Price: 1135.0539),20.26% above,"2023-03-31 (Price: 1006.0696), 2024-07-31 (Price: 1608.8)",42.5%/21.29%/27.07%,"16.77%, 28.2%",1.6 year/3 months/8.1 months,2027-10-12/2025-11-07/2026-06-16,9.14%,13.13%,-3.99%,0.0,0.61,2256.7523/1906.8124/1862.24/No Horizontal Resistance/1879.7264/2250.6285/No EMA 200 Target,1200.1/853.4344/1375.0525/1032.6763/No F-Track Level/No F-Track Level/1442.39,90.24%/41/1.4 year (Across ALL Assets),63.64%/66/9.7 months (Across ALL Assets),1412.1
"PPL.TO, Long, 2025-06-30 (Price: 51.13)",2026-03-31 (Price: 62.27),"21.79%, 9.1 months","100.0%, Past 22 years, 4","Monthly, was CONFIRMED on 2025-06-30",Already confirmed,"2026-04-17 (Price: 58.17), 13.77% above",9.7 months,Upmove Bounce Back,23.66% (Price: 49.1171),18.43% above,"2009-03-31 (Price: 11.68), 2024-11-30 (Price: 60.72)",21.79%/20.55%/21.17%,"-0.0%, 7.07%",9.1 months/9.1 months/9.1 months,2026-07-30 (Max),8.43%,5.11%,3.32%,1.26,0.26,52.9605/61.9542/80.55/51.2133/65.6559/68.3455/54.92,40.84/36.72/47.3773/37.4926/No F-Track Level/No F-Track Level/No EMA 200 Stop Loss,90.24%/41/1.4 year (Across ALL Assets),63.64%/66/9.7 months (Across ALL Assets),51.68
"GOOG, Short, 2026-03-31 (Price: 286.86)",2026-04-17 (Price: 339.4),"-18.32%, 17 days","100.0%, Past 21 years, 4","Quarterly, was CONFIRMED on 2026-03-31",Already confirmed,"2026-04-17 (Price: 339.4), 18.32% above",17 days,Upmove Break Below,23.66% (Price: 287.0488),18.24% above,"2022-12-31 (Price: 83.45), 2026-03-31 (Price: 350.15)",23.19%/7.72%/14.33%,"0.0%, 23.19%",3.1 months/3.1 months/3.1 months,2026-08-12 (Max),6.79%,4.88%,1.91%,5.77,0.76,No Target/245.753/126.84/84.51/285.4807/240.3589/272.84,313.8/No Horizontal Resistance/345.4418/365.3613/No F-Track Level/No F-Track Level/No EMA 200 Stop Loss,100.0%/5/4.3 months (Across ALL Assets),53.85%/13/2.1 months (Across ALL Assets),317.59
"HDB, Short, 2026-03-31 (Price: 24.88)",2026-04-17 (Price: 27.51),"-10.57%, 17 days","87.5%, Past 26 years, 8","Quarterly, was CONFIRMED on 2026-03-31",Already confirmed,"2026-04-17 (Price: 27.51), 10.57% above",17 days,Upmove Break Below,88.6% (Price: 26.958),2.05% above,"2022-06-30 (Price: 25.305), 2025-09-30 (Price: 39.805)",27.06%/5.75%/13.58%,"11.89%, 27.06%",9.1 months/3 months/4.6 months,2027-04-30/2026-08-08/2026-10-16,7.12%,4.88%,2.24%,1.53,0.52,No Target/21.5013/16.18/No Horizontal Support/21.1884/14.0692/No EMA 200 Target,38.34/39.3812/40.717/51.346/No F-Track Level/No F-Track Level/34.18,100.0%/5/4.3 months (Across ALL Assets),53.85%/13/2.1 months (Across ALL Assets),36.65
"SFTBY, Short, 2026-03-31 (Price: 12.09)",2026-04-17 (Price: 14.74),"-21.92%, 17 days","100.0%, Past 14 years, 6","Quarterly, was CONFIRMED on 2026-03-31",Already confirmed,"2026-04-17 (Price: 14.74), 21.92% above",17 days,Upmove Break Below,50.0% (Price: 12.16),21.22% above,"2012-12-31 (Price: 1.82), 2025-12-31 (Price: 22.5)",18.34%/4.71%/13.24%,"0%, 18.34%",6.1 months/6 days/3.1 months,2026-12-21/2026-04-08/2026-08-12,9.87%,4.79%,5.08%,2.76,0.39,10.8592/10.4893/-0.32/4.205/10.0807/8.1314/No EMA 200 Target,15.82/No Horizontal Resistance/23.8631/28.8451/No F-Track Level/No F-Track Level/13.85,100.0%/5/4.3 months (Across ALL Assets),53.85%/13/2.1 months (Across ALL Assets),14.2475
"WIPRO.NS, Short, 2026-03-31 (Price: 187.64)",No Exit Yet,"-8.89%, 17 days","87.5%, Past 80 years, 8","Quarterly, was CONFIRMED on 2026-03-31",Already confirmed,"2026-04-17 (Price: 204.32), 8.89% above",17 days,Upmove Break Below,88.6% (Price: 192.9404),5.9% above,"2023-06-30 (Price: 176.0), 2025-03-31 (Price: 324.6)",29.71%/7.32%/15.86%,"11.67%, 29.71%",1.3 year/3 months/5.6 months,2028-02-06/2026-08-08/2026-11-29,6.44%,4.88%,1.56%,1.31,0.53,No Target/157.8803/98.48/187.6062/179.092/142.8471/No EMA 200 Target,301.85/366.6625/412.2037/473.5829/No F-Track Level/No F-Track Level/240.69,100.0%/5/4.3 months (Across ALL Assets),53.85%/13/2.1 months (Across ALL Assets),264.5
"CSCO, Short, 2026-03-31 (Price: 77.59)",2026-04-17 (Price: 86.25),"-11.16%, 17 days","87.5%, Past 36 years, 16","Monthly, was CONFIRMED on 2026-03-31",Already confirmed,"2026-04-17 (Price: 86.25), 11.16% above",17 days,Upmove Break Below,23.66% (Price: 77.8529),10.79% above,"2024-08-31 (Price: 44.5), 2026-02-28 (Price: 88.19)",17.87%/3.2%/8.23%,"20.18%, 17.87%",3.1 months/1 month/1.8 month,2026-08-12/2026-05-13/2026-06-17,6.13%,4.88%,1.25%,1.7,0.68,No Target/71.2043/51.38/40.92/75.1101/68.2017/74.01,79.46/No Horizontal Resistance/109.6316/119.2504/No F-Track Level/No F-Track Level/No EMA 200 Stop Loss,87.5%/8/1.4 month (Across ALL Assets),57.14%/21/1.2 month (Across ALL Assets),78.75
"WPM, Short, 2026-03-31 (Price: 131.01)",2026-04-17 (Price: 152.38),"-16.31%, 17 days","90.0%, Past 20 years, 10","Monthly, was CONFIRMED on 2026-03-31",Already confirmed,"2026-04-17 (Price: 152.38), 16.31% above",17 days,Upmove Break Below,38.2% (Price: 117.097),30.13% above,"2023-10-31 (Price: 38.37), 2026-03-31 (Price: 165.76)",15.12%/3.3%/8.48%,"17.6%, 15.12%",3.1 months/1 month/1.7 month,2026-08-12/2026-05-13/2026-06-12,6.06%,4.88%,1.18%,1.39,0.6,No Target/119.9004/54.58/38.3375/127.6576/114.4872/116.03,163.65/No Horizontal Resistance/188.656/216.4147/No F-Track Level/No F-Track Level/No EMA 200 Stop Loss,87.5%/8/1.4 month (Across ALL Assets),57.14%/21/1.2 month (Across ALL Assets),163.65
"SFTBY, Short, 2025-12-31 (Price: 14.175)",2026-03-31 (Price: 12.09),"14.71%, 3 months","100.0%, Past 14 years, 6","Quarterly, was CONFIRMED on 2025-12-31",Already confirmed,"2026-04-17 (Price: 14.74), 3.99% above",3.6 months,Upmove Break Below,50.0% (Price: 13.3475),10.43% above,"2022-06-30 (Price: 4.195), 2025-12-31 (Price: 22.5)",18.34%/4.71%/13.24%,"0%, 18.34%",6.1 months/6 days/3.1 months,2026-09-22/2026-01-08/2026-05-14,9.87%,4.79%,5.08%,2.76,0.39,12.732/12.2982/3.19/4.205/14.0995/12.0968/13.85,15.82/No Horizontal Resistance/23.8631/27.246/No F-Track Level/No F-Track Level/No EMA 200 Stop Loss,100.0%/5/4.3 months (Across ALL Assets),53.85%/13/2.1 months (Across ALL Assets),15.6175
"NAUKRI.NS, Short, 2025-09-30 (Price: 1309.3)",2026-03-31 (Price: 967.7),"26.09%, 6.1 months","100.0%, Past 19 years, 6","Quarterly, was CONFIRMED on 2025-09-30",Already confirmed,"2026-04-17 (Price: 1054.55), 19.46% below",6.6 months,Upmove Break Below,38.2% (Price: 1381.0785),23.64% below,"2023-03-31 (Price: 661.64), 2025-03-31 (Price: 1825.78)",26.09%/3.95%/13.06%,"0%, 27.44%",9.1 months/3 months/6.1 months,2026-10-30/2026-02-07/2026-06-22,8.69%,4.79%,3.9%,0.54,0.62,No Target/1138.3054/610.82/662.12/1095.4447/920.5126/1284.51,1735.45/1483.595/2223.4618/2377.3661/No F-Track Level/No F-Track Level/No EMA 200 Stop Loss,100.0%/5/4.3 months (Across ALL Assets),53.85%/13/2.1 months (Across ALL Assets),1488.3
