"Symbol, Signal, Signal Date/Price[$]",Exit Signal Date/Price[$],Current Mark to Market and Holding Period,"Win Rate [%], History Tested, Number of Trades","Interval, Confirmation Status",Cancellation Level/Date,"Today Trading Date/Price[$], Today price vs Signal",Trading Days between Signal and Today Date,Backtested Returns(Win Trades) [%] (Max/Min/Avg),"Backtested Max Loss [%], Backtested Worst Single MTM during Hold Period [%]",Backtested Holding Period(Win Trades) (days) (Max/Min/Avg),Target Exit Date(Win Trades) (Max/Min/Avg),Backtested Strategy CAGR [%],CAGR of Buy and Hold [%],CAGR difference (Strategy - Buy and Hold) [%],Backtested Strategy Sharpe Ratio,Sharpe Ratio of Buy and Hold,Targets (Historic Rise or Fall to Pivot/Avg % Gain of Historic Winning trades/Function Specific Target/Horizontal/F-Stack 1/F-Stack 2/EMA 200) [$],Stop Loss (Recent Extrema/Horizontal/F-Stack 1/F-Stack 2/F-Track 1/F-Track 2/EMA 200) [$],Latest Past 6 Months Performance[%]/No. of Analysed Trades/Avg Holding Period (days) (Across ALL Assets),Forward Testing Win Rate[%]/No. of Analysed Trades/Avg Holding Period (days) (Across ALL Assets),Signal Open Price
"NKE, Long, 2026-04-17 (Price: 46.03)",No Exit Yet,"0.0%, 0 days","85.71%, Past 15 years, 7","Weekly, is CONFIRMED on 2026-04-17",Already confirmed,"2026-04-17 (Price: 46.03), 0.0% below",0 days,14.71%/4.95%/8.77%,"21.25%, 31.28%",7.7 months/21 days/2.1 months,2027-03-17/2026-05-17/2026-07-17,6.43%,3.9%,2.53%,0.66,0.19,51.5444/50.0668/50.81/176.74/171.1647/206.9588/65.48,42.62/No Horizontal Support/37.5153/33.4875/No stop loss/No stop loss/No EMA 200 Stop Loss,78.57%/14/2.7 months (Across ALL Assets),78.95%/133/2 months (Across ALL Assets),42.23
"BYD.TO, Long, 2026-04-17 (Price: 167.85)",No Exit Yet,"0.0%, 0 days","83.33%, Past 15 years, 6","Weekly, is CONFIRMED on 2026-04-17",Already confirmed,"2026-04-17 (Price: 167.85), 0.0% below",0 days,17.64%/5.39%/10.47%,"23.95%, 24.98%",5.4 months/14 days/3.1 months,2026-12-07/2026-05-07/2026-08-29,5.47%,14.52%,-9.05%,-0.18,0.76,170.6699/185.4239/178.05/254.5175/325.4281/346.2134/216.88,162.27/No Horizontal Support/147.1212/134.6706/161.8358/141.1088/No EMA 200 Stop Loss,78.57%/14/2.7 months (Across ALL Assets),78.95%/133/2 months (Across ALL Assets),161.85
"TRI.TO, Long, 2026-04-17 (Price: 127.45)",No Exit Yet,"0.0%, 0 days","83.33%, Past 15 years, 6","Weekly, is CONFIRMED on 2026-04-17",Already confirmed,"2026-04-17 (Price: 127.45), 0.0% below",0 days,15.31%/4.48%/8.0%,"20.63%, 20.63%",1.4 year/7 days/4.5 months,2028-04-14/2026-04-27/2026-10-29,4.42%,5.06%,-0.64%,0.21,0.25,129.2088/137.646/133.43/240.8933/303.5675/326.8654/193.79,113.99/No Horizontal Support/No F-Stack Support/No F-Stack Support/No stop loss/No stop loss/No EMA 200 Stop Loss,78.57%/14/2.7 months (Across ALL Assets),78.95%/133/2 months (Across ALL Assets),115.52
"ATM.NZ, Long, 2026-04-16 (Price: 9.5)",No Exit Yet,"-4.11%, 1 day","75.0%, Past 4 years, 12","Daily, was CONFIRMED on 2026-04-16",Already confirmed,"2026-04-17 (Price: 9.11), 4.11% below",1 day,8.79%/3.28%/5.69%,"14.37%, 14.37%",2.5 months/2 days/19 days,2026-08-02/2026-04-18/2026-05-13,6.3%,4.09%,2.21%,-0.28,0.25,10.1555/10.0405/10.1/10.965/21.86/25.8879/10.19,9.4/5.292/9.2893/8.6495/No F-Track Level/No F-Track Level/No EMA 200 Stop Loss,78.7%/169/13 days (Across ALL Assets),74.35%/620/16 days (Across ALL Assets),9.43
"^VIX, Long, 2026-04-13 (Price: 19.12)",No Exit Yet,"-8.58%, 4 days","80.0%, Past 4 years, 10","Daily, was CONFIRMED on 2026-04-13",Already confirmed,"2026-04-17 (Price: 17.48), 8.58% below",4 days,22.97%/9.68%/14.93%,"17.74%, 21.21%",1.2 month/3 days/16 days,2026-06-04/2026-04-17/2026-05-06,26.0%,4.9%,21.1%,0.52,0.97,20.9804/21.9746/21.48/35.1/81.4382/87.3903/No EMA 200 Target,17.93/11.665/No F-Stack Support/No F-Stack Support/No F-Track Level/No F-Track Level/18.22,78.7%/169/13 days (Across ALL Assets),74.35%/620/16 days (Across ALL Assets),21.17
"BPCL.NS, Long, 2026-04-12 (Price: 299.35)",No Exit Yet,"4.26%, 5 days","83.33%, Past 15 years, 6","Weekly, was CONFIRMED on 2026-04-12",Already confirmed,"2026-04-17 (Price: 312.1), 4.26% above",5 days,17.02%/7.4%/12.22%,"39.62%, 40.72%",2.1 months/14 days/1.1 month,2026-07-12/2026-05-02/2026-05-29,2.66%,8.31%,-5.65%,0.77,0.42,347.9944/335.9306/341.96/383.0667/393.108/467.0257/342.4,278.15/145.35/295.7614/248.4289/No F-Track Level/No F-Track Level/No EMA 200 Stop Loss,78.57%/14/2.7 months (Across ALL Assets),78.95%/133/2 months (Across ALL Assets),277.75
"BBTC.NS, Long, 2026-04-12 (Price: 1487.4)",No Exit Yet,"2.62%, 5 days","71.43%, Past 15 years, 7","Weekly, was CONFIRMED on 2026-04-12",Already confirmed,"2026-04-17 (Price: 1526.4), 2.62% above",5 days,33.68%/7.57%/15.74%,"19.06%, 19.06%",4.9 months/7 days/2.4 months,2026-11-10/2026-04-22/2026-07-25,5.17%,13.98%,-8.81%,-0.02,0.63,1689.2402/1721.5168/1705.38/2145.0/3412.111/3761.7441/1817.11,1375.0/846.25/1057.7422/973.2526/No F-Track Level/No F-Track Level/No EMA 200 Stop Loss,78.57%/14/2.7 months (Across ALL Assets),78.95%/133/2 months (Across ALL Assets),1410.0
"HDB, Long, 2026-04-05 (Price: 24.83)",2026-04-12 (Price: 26.73),"7.65%, 7 days","100.0%, Past 15 years, 8","Weekly, was CONFIRMED on 2026-04-05",Already confirmed,"2026-04-17 (Price: 27.51), 10.79% above",12 days,16.81%/7.78%/10.62%,"-0.0%, 13.44%",2.1 months/7 days/1.3 month,2026-07-05/2026-04-15/2026-05-31,13.48%,5.22%,8.26%,1.54,0.26,27.6482/27.4669/27.56/39.3812/40.717/51.346/34.18,24.35/No Horizontal Support/21.1884/14.0692/No F-Track Level/No F-Track Level/No EMA 200 Stop Loss,78.57%/14/2.7 months (Across ALL Assets),78.95%/133/2 months (Across ALL Assets),24.11
"INDY, Long, 2026-04-05 (Price: 42.12)",2026-04-12 (Price: 44.18),"4.89%, 7 days","71.43%, Past 15 years, 7","Weekly, was CONFIRMED on 2026-04-05",Already confirmed,"2026-04-17 (Price: 45.49), 8.0% above",12 days,15.72%/4.17%/7.83%,"18.57%, 22.76%",2.8 months/28 days/2 months,2026-08-04/2026-05-15/2026-06-30,3.14%,1.62%,1.52%,0.07,-0.0,45.1526/45.418/45.29/54.474/60.9145/68.1277/49.94,41.24/40.5875/37.969/30.3493/No F-Track Level/No F-Track Level/No EMA 200 Stop Loss,78.57%/14/2.7 months (Across ALL Assets),78.95%/133/2 months (Across ALL Assets),41.04
"DIS, Long, 2026-04-05 (Price: 96.61)",2026-04-17 (Price: 106.29),"10.02%, 12 days","88.89%, Past 15 years, 9","Weekly, was CONFIRMED on 2026-04-05",Already confirmed,"2026-04-17 (Price: 106.29), 10.02% above",12 days,18.7%/4.98%/9.46%,"22.55%, 25.06%",3 months/7 days/1.5 month,2026-08-13/2026-04-15/2026-06-09,7.0%,3.97%,3.03%,0.77,0.18,110.0195/105.7493/107.88/168.455/207.5364/245.6322/110.55,92.42/79.415/94.0946/88.5027/No F-Track Level/No F-Track Level/No EMA 200 Stop Loss,78.57%/14/2.7 months (Across ALL Assets),78.95%/133/2 months (Across ALL Assets),92.89
"TSLA, Long, 2026-04-05 (Price: 360.59)",2026-04-17 (Price: 400.62),"11.1%, 12 days","100.0%, Past 15 years, 5","Weekly, was CONFIRMED on 2026-04-05",Already confirmed,"2026-04-17 (Price: 400.62), 11.1% above",12 days,45.34%/14.57%/26.48%,"-0.0%, 27.43%",4.9 months/14 days/2 months,2026-11-03/2026-04-25/2026-06-30,31.0%,27.98%,3.02%,0.54,1.09,493.1068/456.0742/474.59/487.1467/494.4819/553.1211/398.87,302.63/196.47/348.637/262.8246/No F-Track Level/No F-Track Level/No EMA 200 Stop Loss,78.57%/14/2.7 months (Across ALL Assets),78.95%/133/2 months (Across ALL Assets),365.86
"HDFCBANK.NS, Long, 2026-04-05 (Price: 750.9)",2026-04-12 (Price: 810.3),"7.91%, 7 days","83.33%, Past 15 years, 6","Weekly, was CONFIRMED on 2026-04-05",Already confirmed,"2026-04-17 (Price: 799.9), 6.53% above",12 days,11.71%/4.83%/8.56%,"12.08%, 16.27%",2.3 months/28 days/1.7 month,2026-07-13/2026-05-15/2026-06-17,6.79%,9.15%,-2.36%,1.13,0.54,803.0876/815.177/809.13/1009.6/1098.0619/1180.6259/950.36,718.95/640.9/697.8792/606.5732/No F-Track Level/No F-Track Level/No EMA 200 Stop Loss,78.57%/14/2.7 months (Across ALL Assets),78.95%/133/2 months (Across ALL Assets),745.2
"FXI, Long, 2026-04-05 (Price: 35.56)",2026-04-17 (Price: 37.6),"5.74%, 12 days","70.0%, Past 15 years, 10","Weekly, was CONFIRMED on 2026-04-05",Already confirmed,"2026-04-17 (Price: 37.6), 5.74% above",12 days,12.44%/4.88%/8.95%,"20.27%, 21.87%",7.9 months/14 days/3.1 months,2027-03-14/2026-04-25/2026-08-17,2.0%,-1.2%,3.2%,0.26,-0.12,36.6304/38.7426/37.69/42.105/90.5742/95.3274/38.67,34.85/20.865/No F-Stack Support/No F-Stack Support/No F-Track Level/No F-Track Level/No EMA 200 Stop Loss,78.57%/14/2.7 months (Across ALL Assets),78.95%/133/2 months (Across ALL Assets),35.15
"IHI, Long, 2026-04-05 (Price: 53.24)",No Exit Yet,"1.84%, 12 days","100.0%, Past 15 years, 5","Weekly, was CONFIRMED on 2026-04-05",Already confirmed,"2026-04-17 (Price: 54.22), 1.84% above",12 days,12.18%/4.5%/7.68%,"-0.0%, 14.78%",1.2 year/7 days/4.3 months,2027-12-21/2026-04-15/2026-10-08,7.94%,7.68%,0.26%,0.58,0.47,59.1922/57.3288/58.26/65.682/68.9264/76.3906/60.15,53.18/46.725/46.1919/36.8936/No F-Track Level/No F-Track Level/No EMA 200 Stop Loss,78.57%/14/2.7 months (Across ALL Assets),78.95%/133/2 months (Across ALL Assets),53.29
"XLY, Long, 2026-04-05 (Price: 108.15)",2026-04-12 (Price: 112.89),"4.38%, 7 days","100.0%, Past 15 years, 6","Weekly, was CONFIRMED on 2026-04-05",Already confirmed,"2026-04-17 (Price: 120.41), 11.34% above",12 days,15.44%/7.22%/11.12%,"-0.0%, 11.49%",2.6 months/7 days/1.1 month,2026-07-26/2026-04-15/2026-05-22,9.08%,8.34%,0.74%,1.51,0.5,127.8549/120.1763/124.02/122.0862/125.4815/133.9156/116.45,105.68/66.775/86.1124/56.5683/No F-Track Level/No F-Track Level/No EMA 200 Stop Loss,78.57%/14/2.7 months (Across ALL Assets),78.95%/133/2 months (Across ALL Assets),106.61
"INDA, Long, 2026-04-05 (Price: 46.65)",2026-04-12 (Price: 49.34),"5.77%, 7 days","100.0%, Past 14 years, 8","Weekly, was CONFIRMED on 2026-04-05",Already confirmed,"2026-04-17 (Price: 51.28), 9.92% above",12 days,14.81%/5.57%/7.71%,"-0.0%, 6.26%",3 months/7 days/1.4 month,2026-08-13/2026-04-15/2026-06-04,7.44%,2.85%,4.59%,2.0,0.08,52.2946/50.2467/51.27/55.3975/66.8401/79.771/52.63,45.82/39.0425/45.3705/38.12/No F-Track Level/No F-Track Level/No EMA 200 Stop Loss,78.57%/14/2.7 months (Across ALL Assets),78.95%/133/2 months (Across ALL Assets),45.42
"MFT.NZ, Long, 2026-04-05 (Price: 58.99)",No Exit Yet,"-3.03%, 12 days","88.89%, Past 15 years, 9","Weekly, was CONFIRMED on 2026-04-05",Already confirmed,"2026-04-17 (Price: 57.2), 3.03% below",12 days,13.39%/6.64%/8.98%,"14.48%, 14.87%",21 days/7 days/12 days,2026-05-05/2026-04-15/2026-04-22,11.35%,8.97%,2.38%,2.22,0.51,65.4258/64.2873/64.86/85.45/105.252/119.9356/63.56,58.66/55.185/54.7158/45.8971/No F-Track Level/No F-Track Level/No EMA 200 Stop Loss,78.57%/14/2.7 months (Across ALL Assets),78.95%/133/2 months (Across ALL Assets),58.89
"EMAMILTD.NS, Long, 2026-04-05 (Price: 398.3)",2026-04-12 (Price: 424.15),"6.49%, 7 days","87.5%, Past 15 years, 8","Weekly, was CONFIRMED on 2026-04-05",Already confirmed,"2026-04-17 (Price: 452.1), 13.51% above",12 days,26.55%/6.51%/10.95%,"17.56%, 19.61%",4.7 months/7 days/1.3 month,2026-10-26/2026-04-15/2026-05-31,8.05%,5.09%,2.96%,0.59,0.26,501.9377/441.9138/471.93/634.8/949.731/1026.7499/526.04,393.1/No Horizontal Support/381.1799/329.2417/No F-Track Level/No F-Track Level/No EMA 200 Stop Loss,78.57%/14/2.7 months (Across ALL Assets),78.95%/133/2 months (Across ALL Assets),391.7
"BAC, Long, 2026-03-29 (Price: 46.97)",2026-04-12 (Price: 52.54),"11.86%, 14 days","87.5%, Past 15 years, 8","Weekly, was CONFIRMED on 2026-03-29",Already confirmed,"2026-04-17 (Price: 53.91), 14.78% above",19 days,26.29%/6.58%/14.47%,"25.71%, 33.38%",6.8 months/8 days/1.8 month,2027-01-18/2026-04-09/2026-06-15,7.84%,6.3%,1.54%,0.59,0.32,52.597/53.7666/53.18/48.7833/72.41/85.2389/51.15,46.72/29.49/No F-Stack Support/No F-Stack Support/No F-Track Level/No F-Track Level/No EMA 200 Stop Loss,78.57%/14/2.7 months (Across ALL Assets),78.95%/133/2 months (Across ALL Assets),48.34
"JETS, Long, 2026-03-29 (Price: 24.13)",2026-04-17 (Price: 27.92),"15.71%, 19 days","100.0%, Past 10 years, 6","Weekly, was CONFIRMED on 2026-03-29",Already confirmed,"2026-04-17 (Price: 27.92), 15.71% above",19 days,29.2%/7.1%/13.22%,"-0.0%, 22.83%",2.3 months/7 days/29 days,2026-07-06/2026-04-08/2026-05-10,10.0%,0.03%,9.97%,1.29,0.05,26.0459/27.32/26.68/27.1773/No Next Fib Ext/No Next Fib Ext/26.24,24.05/14.732/No F-Stack Support/No F-Stack Support/No F-Track Level/No F-Track Level/No EMA 200 Stop Loss,78.57%/14/2.7 months (Across ALL Assets),78.95%/133/2 months (Across ALL Assets),25.2
"GNE.NZ, Long, 2026-03-29 (Price: 2.16)",2026-04-17 (Price: 2.25),"4.17%, 19 days","83.33%, Past 12 years, 6","Weekly, was CONFIRMED on 2026-03-29",Already confirmed,"2026-04-17 (Price: 2.25), 4.17% above",19 days,14.79%/4.18%/7.53%,"12.34%, 12.5%",6.1 months/14 days/1.9 month,2026-12-19/2026-04-18/2026-06-19,5.02%,1.45%,3.57%,0.69,-0.0,2.2512/2.3226/2.29/3.3125/No Next Fib Ext/No Next Fib Ext/2.38,2.14/2.0733/No F-Stack Support/No F-Stack Support/No F-Track Level/No F-Track Level/No EMA 200 Stop Loss,78.57%/14/2.7 months (Across ALL Assets),78.95%/133/2 months (Across ALL Assets),2.2
"EFN.TO, Long, 2026-03-29 (Price: 30.11)",2026-04-12 (Price: 32.09),"6.58%, 14 days","80.0%, Past 15 years, 5","Weekly, was CONFIRMED on 2026-03-29",Already confirmed,"2026-04-17 (Price: 32.73), 8.7% above",19 days,22.27%/10.41%/15.26%,"43.16%, 45.87%",2.6 months/7 days/1.1 month,2026-07-19/2026-04-08/2026-05-15,2.35%,9.68%,-7.33%,-0.15,0.49,33.952/34.7048/34.33/34.925/45.1741/70.5281/35.24,27.54/12.67/29.5041/No stop loss/No F-Track Level/No F-Track Level/No EMA 200 Stop Loss,78.57%/14/2.7 months (Across ALL Assets),78.95%/133/2 months (Across ALL Assets),30.73
"BABA, Long, 2026-03-24 (Price: 125.48)",2026-04-14 (Price: 131.35),"4.68%, 21 days","85.71%, Past 4 years, 14","Daily, was CONFIRMED on 2026-03-24",Already confirmed,"2026-04-17 (Price: 141.01), 12.38% above",24 days,12.26%/3.97%/6.72%,"17.99%, 17.99%",1.2 month/1 day/13 days,2026-05-15/2026-03-25/2026-04-11,12.35%,-8.19%,20.54%,1.04,-0.08,137.3755/133.9123/135.64/181.595/395.5515/453.696/147.02,122.41/67.495/108.0763/No stop loss/No F-Track Level/No F-Track Level/No EMA 200 Stop Loss,78.7%/169/13 days (Across ALL Assets),74.35%/620/16 days (Across ALL Assets),124.36
"XLY, Long, 2026-03-23 (Price: 110.12)",2026-04-13 (Price: 113.92),"3.45%, 21 days","78.57%, Past 4 years, 14","Daily, was CONFIRMED on 2026-03-23",Already confirmed,"2026-04-17 (Price: 120.41), 9.34% above",25 days,8.7%/2.16%/4.06%,"15.04%, 17.25%",16 days/2 days/7 days,2026-04-15/2026-03-25/2026-04-02,4.47%,3.25%,1.22%,0.56,0.13,115.3177/114.5909/114.95/122.0862/125.4815/133.9156/116.45,107.74/66.775/86.1124/56.5683/No F-Track Level/No F-Track Level/No EMA 200 Stop Loss,78.7%/169/13 days (Across ALL Assets),74.35%/620/16 days (Across ALL Assets),109.78
"PG, Long, 2026-03-23 (Price: 143.99)",2026-04-17 (Price: 146.93),"2.04%, 25 days","85.71%, Past 4 years, 14","Daily, was CONFIRMED on 2026-03-23",Already confirmed,"2026-04-17 (Price: 146.93), 2.04% above",25 days,3.6%/1.35%/2.49%,"8.75%, 11.0%",1.8 month/1 day/14 days,2026-06-09/2026-03-24/2026-04-12,5.85%,0.6%,5.25%,0.22,-0.12,152.4854/147.5754/150.03/179.4533/186.6499/209.3631/151.24,138.04/130.72/140.2317/117.5404/No F-Track Level/No F-Track Level/No EMA 200 Stop Loss,78.7%/169/13 days (Across ALL Assets),74.35%/620/16 days (Across ALL Assets),146.15
"INDY, Long, 2026-03-16 (Price: 43.84)",2026-04-17 (Price: 45.49),"3.76%, 1.1 month","71.43%, Past 4 years, 14","Daily, was CONFIRMED on 2026-03-16",Already confirmed,"2026-04-17 (Price: 45.49), 3.76% above",1.1 month,3.48%/1.45%/2.4%,"10.43%, 10.43%",26 days/4 days/10 days,2026-04-22/2026-03-21/2026-03-30,2.9%,-0.55%,3.45%,-0.83,-0.25,44.7256/44.8922/44.81/54.474/60.9145/68.1277/49.94,43.16/40.5875/37.969/30.3493/No F-Track Level/No F-Track Level/No EMA 200 Stop Loss,78.7%/169/13 days (Across ALL Assets),74.35%/620/16 days (Across ALL Assets),43.83
"EMAMILTD.NS, Long, 2026-03-16 (Price: 424.1)",2026-04-17 (Price: 452.1),"6.6%, 1.1 month","92.86%, Past 4 years, 14","Daily, was CONFIRMED on 2026-03-16",Already confirmed,"2026-04-17 (Price: 452.1), 6.6% above",1.1 month,6.17%/2.47%/3.64%,"6.86%, 7.63%",1.5 month/1 day/15 days,2026-05-20/2026-03-17/2026-04-06,12.01%,-3.33%,15.34%,0.85,-0.16,426.0084/439.5372/432.77/634.8/949.731/1026.7499/526.04,416.05/413.6/381.1799/329.2417/No F-Track Level/No F-Track Level/No EMA 200 Stop Loss,78.7%/169/13 days (Across ALL Assets),74.35%/620/16 days (Across ALL Assets),416.15
"NAUKRI.NS, Long, 2026-03-15 (Price: 952.4)",2026-04-17 (Price: 1054.55),"10.73%, 1.1 month","75.0%, Past 15 years, 4","Weekly, was CONFIRMED on 2026-03-15",Already confirmed,"2026-04-17 (Price: 1054.55), 10.73% above",1.1 month,11.73%/6.17%/8.95%,"22.33%, 28.55%",3.3 months/7 days/1.7 month,2026-08-05/2026-03-25/2026-05-27,1.69%,13.09%,-11.4%,-0.21,0.64,1436.7906/1037.6398/1237.22/1483.595/2223.4618/2377.3661/1284.51,816.3/662.12/920.5126/832.4874/No F-Track Level/No F-Track Level/No EMA 200 Stop Loss,78.57%/14/2.7 months (Across ALL Assets),78.95%/133/2 months (Across ALL Assets),966.0
"EURUSD=X, Long, 2026-03-10 (Price: 1.1617)",2026-04-14 (Price: 1.1769),"1.31%, 1.2 month","73.33%, Past 4 years, 15","Daily, was CONFIRMED on 2026-03-10",Already confirmed,"2026-04-17 (Price: 1.1767), 1.29% above",1.3 month,1.61%/0.52%/0.97%,"2.53%, 3.21%",1.8 month/1 day/15 days,2026-05-27/2026-03-11/2026-03-31,3.62%,-0.39%,4.01%,-0.53,-0.63,1.177/1.173/1.18/1.1998/1.6296/1.7649/1.17,1.15/1.0069/No F-Stack Support/No F-Stack Support/No F-Track Level/No F-Track Level/No EMA 200 Stop Loss,78.7%/169/13 days (Across ALL Assets),74.35%/620/16 days (Across ALL Assets),1.1617
"UPS, Long, 2026-03-10 (Price: 100.92)",2026-04-14 (Price: 103.22),"2.28%, 1.2 month","71.43%, Past 4 years, 14","Daily, was CONFIRMED on 2026-03-10",Already confirmed,"2026-04-17 (Price: 106.44), 5.47% above",1.3 month,14.23%/2.13%/5.51%,"12.35%, 12.35%",2.8 months/1 day/24 days,2026-07-09/2026-03-11/2026-04-13,6.51%,-7.67%,14.18%,-0.12,-0.41,104.321/106.4807/105.4/221.2667/228.7501/295.6013/No EMA 200 Target,99.94/No Horizontal Support/No F-Stack Support/No F-Stack Support/No F-Track Level/No F-Track Level/97.18,78.7%/169/13 days (Across ALL Assets),74.35%/620/16 days (Across ALL Assets),100.225
"NU, Long, 2026-03-03 (Price: 14.76)",2026-04-16 (Price: 15.43),"4.54%, 1.5 month","91.67%, Past 4 years, 12","Daily, was CONFIRMED on 2026-03-03",Already confirmed,"2026-04-17 (Price: 15.34), 3.93% above",1.5 month,23.68%/2.44%/9.29%,"24.09%, 24.09%",2.1 months/1 day/20 days,2026-06-02/2026-03-04/2026-03-31,20.47%,5.34%,15.13%,1.63,0.4,15.4596/16.1312/15.8/16.285/No Next Fib Ext/No Next Fib Ext/15.37,14.73/5.54/No F-Stack Support/No F-Stack Support/No F-Track Level/No F-Track Level/No EMA 200 Stop Loss,78.7%/169/13 days (Across ALL Assets),74.35%/620/16 days (Across ALL Assets),14.68
"ETH-USD, Long, 2026-03-01 (Price: 1939.0667)",2026-04-12 (Price: 2192.2012),"13.05%, 1.4 month","100.0%, Past 10 years, 4","Weekly, was CONFIRMED on 2026-03-01",Already confirmed,"2026-04-17 (Price: 2343.78), 20.87% above",1.6 month,33.31%/21.78%/26.76%,"-0.0%, 21.37%",1.6 month/14 days/1 month,2026-05-09/2026-03-21/2026-04-13,25.34%,17.52%,7.82%,1.25,0.91,2670.8705/2457.9609/2564.42/4922.7188/4887.278/5344.0381/2884.63,1576.73/1370.4997/1681.3515/1572.5258/No F-Track Level/No F-Track Level/No EMA 200 Stop Loss,78.57%/14/2.7 months (Across ALL Assets),78.95%/133/2 months (Across ALL Assets),1958.1396
"GBPSGD=X, Long, 2026-02-23 (Price: 1.7107)",2026-04-15 (Price: 1.725),"0.84%, 1.7 month","73.33%, Past 4 years, 15","Daily, was CONFIRMED on 2026-02-23",Already confirmed,"2026-04-17 (Price: 1.7167), 0.35% above",1.8 month,2.71%/0.41%/0.84%,"2.69%, 2.78%",1.9 month/1 day/14 days,2026-05-16/2026-02-24/2026-03-15,3.26%,-1.18%,4.44%,-0.66,-1.03,1.7278/1.7251/1.73/1.8577/4.0285/5.5304/1.72,1.71/1.6858/No F-Stack Support/No F-Stack Support/No F-Track Level/No F-Track Level/No EMA 200 Stop Loss,78.7%/169/13 days (Across ALL Assets),74.35%/620/16 days (Across ALL Assets),1.7104
"ETH-USD, Long, 2026-02-03 (Price: 2227.5588)",2026-04-13 (Price: 2370.7148),"6.43%, 2.3 months","86.67%, Past 4 years, 15","Daily, was CONFIRMED on 2026-02-03",Already confirmed,"2026-04-16 (Price: 2343.78), 5.22% above",2.4 months,18.77%/4.94%/11.02%,"24.06%, 28.71%",1.1 month/1 day/9 days,2026-03-22/2026-02-04/2026-02-16,21.24%,1.2%,20.04%,0.5,0.3,2318.2204/2473.0358/2395.63/4922.7188/4887.278/5344.0381/2884.63,1472.55/1370.4997/1681.3515/1572.5258/No F-Track Level/No F-Track Level/No EMA 200 Stop Loss,78.7%/169/13 days (Across ALL Assets),74.35%/620/16 days (Across ALL Assets),2344.4458
"QQQ, Short, 2026-04-16 (Price: 640.47)",No Exit Yet,"-1.31%, 1 day","85.71%, Past 4 years, 7","Daily, was CONFIRMED on 2026-04-16",Already confirmed,"2026-04-17 (Price: 648.85), 1.31% above",1 day,1.64%/0.69%/1.03%,"2.57%, 1.72%",6 days/1 day/3 days,2026-04-24/2026-04-17/2026-04-20,4.6%,3.82%,0.78%,-4.4,0.47,630.3506/633.8732/632.11/256.995/610.7303/563.3658/598.89,No Recent Maxima/No Horizontal Resistance/836.2536/910.0135/No F-Track Level/No F-Track Level/No EMA 200 Stop Loss,88.24%/34/4 days (Across ALL Assets),66.92%/130/6 days (Across ALL Assets),639.215
"^NDX, Short, 2026-04-16 (Price: 26333.0)",No Exit Yet,"-1.29%, 1 day","100.0%, Past 4 years, 6","Daily, was CONFIRMED on 2026-04-16",Already confirmed,"2026-04-17 (Price: 26672.4336), 1.29% above",1 day,1.44%/0.71%/1.02%,"0%, 1.75%",6 days/1 day/3 days,2026-04-24/2026-04-17/2026-04-20,5.45%,3.82%,1.63%,-6.47,0.47,25861.6393/26064.4034/25963.02/10555.915/25025.4383/22796.2371/24609.97,No Recent Maxima/No Horizontal Resistance/33965.62/36701.6323/No F-Track Level/No F-Track Level/No EMA 200 Stop Loss,88.24%/34/4 days (Across ALL Assets),66.92%/130/6 days (Across ALL Assets),26256.8789
"AMZN, Short, 2026-04-15 (Price: 248.5)",No Exit Yet,"-0.83%, 2 days","100.0%, Past 4 years, 6","Daily, was CONFIRMED on 2026-04-15",Already confirmed,"2026-04-17 (Price: 250.56), 0.83% above",2 days,5.38%/0.94%/2.48%,"0%, 7.98%",24 days/3 days/11 days,2026-05-19/2026-04-19/2026-04-30,7.68%,3.82%,3.86%,0.88,0.22,232.4966/242.3372/237.42/86.995/231.81/213.1321/225.58,249.02/No Horizontal Resistance/317.6152/339.3352/No F-Track Level/No F-Track Level/No EMA 200 Stop Loss,88.24%/34/4 days (Across ALL Assets),66.92%/130/6 days (Across ALL Assets),249.25
"SOXX, Short, 2026-04-14 (Price: 401.24)",No Exit Yet,"-3.61%, 3 days","88.89%, Past 4 years, 9","Daily, was CONFIRMED on 2026-04-14",Already confirmed,"2026-04-17 (Price: 415.71), 3.61% above",3 days,4.31%/1.52%/2.87%,"3.28%, 6.71%",20 days/1 day/4 days,2026-05-12/2026-04-15/2026-04-19,8.75%,3.82%,4.93%,-0.42,0.61,No Target/389.7244/399.7/110.475/348.2242/301.3628/299.71,No Recent Maxima/No Horizontal Resistance/411.0319/449.8184/No F-Track Level/No F-Track Level/No EMA 200 Stop Loss,88.24%/34/4 days (Across ALL Assets),66.92%/130/6 days (Across ALL Assets),397.84
"AVGO, Short, 2026-04-14 (Price: 380.78)",No Exit Yet,"-6.77%, 3 days","85.71%, Past 4 years, 7","Daily, was CONFIRMED on 2026-04-14",Already confirmed,"2026-04-17 (Price: 406.54), 6.77% above",3 days,4.38%/1.69%/3.0%,"8.28%, 4.92%",8 days/1 day/4 days,2026-04-25/2026-04-15/2026-04-19,7.84%,3.82%,4.02%,5.09,1.29,379.2188/369.3566/374.29/64.6905/289.9336/196.1486/333.22,412.97/No Horizontal Resistance/441.6812/687.2138/No F-Track Level/No F-Track Level/No EMA 200 Stop Loss,88.24%/34/4 days (Across ALL Assets),66.92%/130/6 days (Across ALL Assets),377.9
"CNR.TO, Short, 2026-04-13 (Price: 152.89)",2026-04-15 (Price: 150.97),"1.26%, 2 days","100.0%, Past 4 years, 6","Daily, was CONFIRMED on 2026-04-13",Already confirmed,"2026-04-17 (Price: 151.16), 1.13% below",4 days,3.03%/0.97%/2.07%,"0%, 5.6%",28 days/2 days/11 days,2026-05-23/2026-04-15/2026-04-28,6.96%,3.82%,3.14%,2.95,-0.13,148.0128/149.7252/148.87/128.224/136.9828/86.815/136.9,154.51/168.08/218.156/349.4971/No F-Track Level/No F-Track Level/No EMA 200 Stop Loss,88.24%/34/4 days (Across ALL Assets),66.92%/130/6 days (Across ALL Assets),151.87
"MX.TO, Short, 2026-04-12 (Price: 82.76)",2026-04-17 (Price: 74.24),"10.29%, 5 days","83.33%, Past 15 years, 6","Weekly, was CONFIRMED on 2026-04-12",Already confirmed,"2026-04-17 (Price: 74.24), 10.29% below",5 days,7.4%/2.52%/4.94%,"13.78%, 12.66%",1.2 month/7 days/17 days,2026-06-03/2026-04-22/2026-05-06,4.0%,4.79%,-0.79%,-0.65,0.3,78.9199/78.6717/78.8/38.425/80.4508/69.4599/58.02,90.57/No Horizontal Resistance/104.8718/111.623/No F-Track Level/No F-Track Level/No EMA 200 Stop Loss,91.67%/12/29 days (Across ALL Assets),70.59%/34/1 month (Across ALL Assets),83.68
"IMO.TO, Short, 2026-04-05 (Price: 181.66)",2026-04-17 (Price: 167.04),"8.05%, 12 days","80.0%, Past 15 years, 5","Weekly, was CONFIRMED on 2026-04-05",Already confirmed,"2026-04-17 (Price: 167.04), 8.05% below",12 days,4.86%/3.69%/4.33%,"11.16%, 10.25%",2.3 months/21 days/1.4 month,2026-07-13/2026-05-05/2026-06-04,3.57%,4.79%,-1.22%,-0.97,0.31,170.9057/173.7941/172.35/60.8067/143.048/134.0661/135.88,No Recent Maxima/No Horizontal Resistance/188.7349/196.834/No F-Track Level/No F-Track Level/No EMA 200 Stop Loss,91.67%/12/29 days (Across ALL Assets),70.59%/34/1 month (Across ALL Assets),182.88
