Function,"Symbol, Signal, Signal Date/Price[$]",Interval,Exit Signal Date/Price[$],Target for which Price has achieved over 90 percent of gain %,Backtested Target Exit Date,Next Two Target Price % from Latest Trading Price,"% Gain, Holding Period (days)","Today Trading Date/Price[$], Today price vs Signal",Remaining Potential Exit Prices [$],Remaining Potential Exit Dates,Stop Loss (Recent Extrema/Horizontal/F-Stack 1/F-Stack 2/F-Track 1/F-Track 2/EMA 200) [$],"Win Rate [%], History Tested, Number of Trades",Signal Open Price,"Sigmashell, Success Rate of Past Analysis [%]","Divergence observed with, Signal Type",Maxima Broken Date/Price[$],"Track Level/Price($), Price on Latest Trading day vs Track Level, Signal Type","Reference Upmove or Downmove start Date/Price($), end Date/Price($)",% Change in Price on Latest Trading day vs Price on Trendpulse Breakout day/Earliest Unconfirmed Signal day/Confirmed Signal day,Backtested Returns(Win Trades) [%] (Max/Min/Avg),"Backtested Max Loss [%], Backtested Worst Single MTM during Hold Period [%]",Backtested Holding Period(Win Trades) (days) (Max/Min/Avg),Backtested Strategy CAGR [%],CAGR of Buy and Hold [%],CAGR difference (Strategy - Buy and Hold) [%],Backtested Strategy Sharpe Ratio,Sharpe Ratio of Buy and Hold,Latest Past 6 Months Performance[%]/No. of Analysed Trades/Avg Holding Period (days) (Across ALL Assets),Forward Testing Win Rate[%]/No. of Analysed Trades/Avg Holding Period (days) (Across ALL Assets)
FRACTAL TRACK,"GOOG, Long, 2026-04-01 (Price: 294.9)",Daily,2026-04-14 (Price: 330.58),337.5425 (Backtested Max),No Date Target,1.78%/7.65%,"15.09%, 16 days","2026-04-17 (Price: 339.4), 15.09% above",422.6 (Function Specific Target)/345.4418 (F-Stack 1)/365.3613 (F-Stack 2),2029-12-16 (Max)/2026-05-07 (Min)/2027-03-18 (Avg),273.14/84.51/285.4807/240.3589/No F-Track Level/No F-Track Level/272.84,"93.33%, Past 5 years, 15",289.98,No Information,No Information,No Information,"23.66% (Price: 278.3121), 21.95% above, Upmove Bounce Back","2023-07-11 (Price: 115.83), 2025-11-25 (Price: 328.67)",No Information,14.46%/1.56%/9.64%,"3.48%, 44.6%",2.6 years/25 days/8.1 months,16.46%,14.57%,1.89%,0.0,0.75,91.64%/299/5 months (Across ALL Assets),46.15%/52/5.5 months (Across ALL Assets)
TRENDPULSE,"GOOG, Long, 2026-03-10 (Price: 306.93)",Daily,2026-04-13 (Price: 319.21),No Price Target,2026-04-16 (Avg),1.78%/7.65%,"10.58%, 1.3 month","2026-04-17 (Price: 339.4), 10.58% above",345.4418 (F-Stack 1)/365.3613 (F-Stack 2),2026-06-30 (Max),298.3/84.51/285.4807/240.3589/No F-Track Level/No F-Track Level/255.14,"100.0%, Past 4 years, 20",305.875,No Information,No Information,No Information,No Information,No Information,10.91% above/10.58% above/10.58% above,6.52%/0.12%/4.08%,"-0.0%, 25.37%",2.6 months/4 days/26 days,16.74%,20.66%,-3.92%,0.0,1.07,92.31%/325/1.3 month (Across ALL Assets),77.68%/775/1.6 month (Across ALL Assets)
SIGMASHELL,"GOOG, Long, 2026-03-02 (Price: 306.36)",Daily,No Exit Yet,343.3377 (Avg % Gain of Historic Winning trades),No Date Target,1.78%/1.78%,"10.78%, 1.5 month","2026-04-17 (Price: 339.4), 10.78% above",345.4418 (Function Specific Target)/345.4418 (F-Stack 1)/365.3613 (F-Stack 2)/396.4298 (Backtested Max),2026-08-22 (Max)/2026-04-23 (Min)/2026-06-22 (Avg),302.82/84.51/285.4807/240.3589/No F-Track Level/No F-Track Level/272.84,"100.0%, Past 5 years, 11",302.965,"-3.95, 85.0%",No Information,No Information,No Information,No Information,No Information,29.4%/0.45%/12.07%,"-0.0%, 17.88%",4 months/1.2 month/2.6 months,26.27%,16.68%,9.59%,0.0,0.86,61.7%/47/4.8 months (Across ALL Assets),64.05%/306/3.6 months (Across ALL Assets)
FRACTAL TRACK,"AMZN, Long, 2026-03-08 (Price: 213.21)",Weekly,2026-04-17 (Price: 250.56),247.2383 (Avg % Gain of Historic Winning trades),2026-04-17 (Min),5.74%/26.76%,"17.52%, 1.3 month","2026-04-17 (Price: 250.56), 17.52% above",319.51 (Function Specific Target)/317.6152 (F-Stack 1)/339.3352 (F-Stack 2)/264.9347 (Backtested Max),2030-03-05 (Max)/2027-03-16 (Avg),198.79/86.995/213.1321/193.0625/No F-Track Level/No F-Track Level/No EMA 200 Stop Loss,"87.5%, Past 20 years, 16",204.55,No Information,No Information,No Information,"23.66% (Price: 200.6016), 24.9% above, Upmove Bounce Back","2018-12-30 (Price: 65.35), 2025-02-09 (Price: 242.52)",No Information,24.26%/0.75%/15.96%,"4.55%, 54.31%",2.8 years/28 days/8.6 months,10.46%,18.08%,-7.62%,0.0,0.86,88.33%/60/1.6 year (Across ALL Assets),52.12%/165/8.1 months (Across ALL Assets)
TRENDPULSE,"AMZN, Long, 2026-01-07 (Price: 241.56)",Daily,2026-04-17 (Price: 250.56),No Price Target,No Date Target,0.49%/0.61%,"3.73%, 3.3 months","2026-04-17 (Price: 250.56), 3.73% above",254.5076 (Historic Rise or Fall to Pivot)/252.092 (Avg % Gain of Historic Winning trades)/251.78 (Function Specific Target)/317.6152 (F-Stack 1)/339.3352 (F-Stack 2)/257.2614 (Backtested Max),2026-07-25 (Max),226.5/86.995/231.81/213.1321/No F-Track Level/No F-Track Level/217.67,"100.0%, Past 4 years, 20",239.61,No Information,No Information,No Information,No Information,No Information,7.51% above/3.73% above/3.73% above,6.5%/1.02%/4.36%,"-0.0%, 19.49%",4.6 months/9 days/1.1 month,17.37%,9.12%,8.25%,0.0,0.46,92.31%/325/1.3 month (Across ALL Assets),77.68%/775/1.6 month (Across ALL Assets)
TRENDPULSE,"AMZN, Long, 2020-12-31 (Price: 162.8465)",Quarterly,2026-04-17 (Price: 250.56),265.6189 (Avg % Gain of Historic Winning trades)/257.16 (Function Specific Target),No Date Target,29.04%,"53.86%, 5.4 years","2026-04-17 (Price: 250.56), 53.86% above",323.3154 (Backtested Max),2028-07-25 (Max),1.61/83.3704/132.2674/119.5138/No F-Track Level/No F-Track Level/143.87,"100.0%, Past 28 years, 5",160.4,No Information,No Information,No Information,No Information,No Information,59.15% above/52.6% above/53.86% above,98.54%/30.67%/63.11%,"0%, 51.17%",5.3 years/1.5 year/2.9 years,11.21%,21.2%,-9.99%,0.0,0.72,100.0%/18/2.6 years (Across ALL Assets),0.0%/3/4.1 months (Across ALL Assets)
FRACTAL TRACK,"ETH-USD, Long, 2026-02-22 (Price: 1957.8059)",Weekly,2026-04-17 (Price: 2343.78),No Price Target,No Date Target,3.35%/11.31%,"19.71%, 1.8 month","2026-04-17 (Price: 2343.78), 19.71% above",2422.1975 (Avg % Gain of Historic Winning trades)/4097.97 (Function Specific Target)/4922.7188 (Horizontal)/4887.278 (F-Stack 1)/5344.0381 (F-Stack 2)/2884.63 (EMA 200)/2608.7764 (Backtested Max),2026-10-14 (Max)/2026-06-19 (Avg),1576.73/1370.4997/1681.3515/1572.5258/No F-Track Level/No F-Track Level/No EMA 200 Stop Loss,"100.0%, Past 10 years, 6",1965.9232,No Information,No Information,No Information,"88.6% (Price: 1793.4297), 30.69% above, Upmove Bounce Back","2025-04-13 (Price: 1386.7993), 2025-08-24 (Price: 4953.7329)",No Information,33.25%/15.64%/23.72%,"-0.0%, 44.11%",5.4 months/7 days/2.7 months,38.51%,17.52%,20.99%,0.0,0.91,88.33%/60/1.6 year (Across ALL Assets),52.12%/165/8.1 months (Across ALL Assets)
DELTADRIFT,"ETH-USD, Long, 2026-03-01 (Price: 1939.0667)",Weekly,2026-04-12 (Price: 2192.2012),2361.3954 (Backtested Min),No Date Target,4.87%/9.41%,"20.87%, 1.6 month","2026-04-17 (Price: 2343.78), 20.87% above",2670.8705 (Historic Rise or Fall to Pivot)/2457.9609 (Avg % Gain of Historic Winning trades)/2564.42 (Function Specific Target)/4922.7188 (Horizontal)/4887.278 (F-Stack 1)/5344.0381 (F-Stack 2)/2884.63 (EMA 200)/2584.9698 (Backtested Max),2026-05-09 (Max),1576.73/1370.4997/1681.3515/1572.5258/No F-Track Level/No F-Track Level/No EMA 200 Stop Loss,"100.0%, Past 10 years, 4",1958.1396,No Information,No Information,No Information,No Information,No Information,No Information,33.31%/21.78%/26.76%,"-0.0%, 21.37%",1.6 month/14 days/1 month,25.34%,17.52%,7.82%,1.25,0.91,78.57%/14/2.7 months (Across ALL Assets),78.95%/133/2 months (Across ALL Assets)
PULSEGAUGE,"ETH-USD, Long, 2025-10-09 (Price: 4369.1436)",Weekly,No Exit Yet,No Price Target,2026-04-13 (Avg),108.52%/108.52%,"-46.36%, 6.3 months","2026-04-16 (Price: 2343.78), 46.36% below",5162.1432 (Historic Rise or Fall to Pivot)/6818.9224 (Avg % Gain of Historic Winning trades)/4887.278 (Function Specific Target)/4922.7188 (Horizontal)/4887.278 (F-Stack 1)/5344.0381 (F-Stack 2)/8057.5746 (Backtested Max)/6346.618 (Backtested Min),2027-03-14 (Max),4141.48/1370.4997/4185.6763/3929.1537/No F-Track Level/No F-Track Level/2884.63,"100.0%, Past 10 years, 7",4515.3008,No Information,No Information,No Information,No Information,No Information,No Information,84.42%/45.26%/56.07%,"-0.0%, 61.08%",1 year/14 days/4.3 months,43.55%,17.1%,26.45%,0.44,0.14,69.84%/63/6.2 months (Across ALL Assets),72.92%/277/6.5 months (Across ALL Assets)
FRACTAL TRACK,"NA.TO, Long, 2026-03-11 (Price: 184.51)",Daily,No Exit Yet,204.7323 (Avg % Gain of Historic Winning trades)/204.24 (Function Specific Target)/202.9979 (Backtested Min),No Date Target,2.1%/4.79%,"9.98%, 1.2 month","2026-04-17 (Price: 202.92), 9.98% above",207.1743 (F-Stack 1)/217.2943 (F-Stack 2)/212.6478 (Backtested Max),2029-06-20 (Max)/2027-02-12 (Avg),183.94/82.9367/148.3746/134.0186/No F-Track Level/No F-Track Level/163.3,"100.0%, Past 5 years, 15",183.72,No Information,No Information,No Information,"23.66% (Price: 185.9306), 9.14% above, Upmove Bounce Back","2026-01-28 (Price: 160.83), 2026-02-27 (Price: 193.71)",No Information,15.25%/10.02%/10.96%,"-0.0%, 20.53%",2.3 years/21 days/7.8 months,25.56%,11.52%,14.04%,0.0,0.82,91.64%/299/5 months (Across ALL Assets),46.15%/52/5.5 months (Across ALL Assets)
TRENDPULSE,"NA.TO, Long, 2025-11-30 (Price: 168.95)",Monthly,No Exit Yet,200.645 (Avg % Gain of Historic Winning trades)/207.1743 (F-Stack 2),No Date Target,7.15%/28.02%,"20.11%, 4.6 months","2026-04-17 (Price: 202.92), 20.11% above",259.77 (Function Specific Target)/217.4386 (Backtested Max),2028-01-21 (Max)/2026-07-09 (Min)/2027-01-16 (Avg),118.77/82.9367/134.0186/119.9028/No F-Track Level/No F-Track Level/138.03,"83.33%, Past 20 years, 12",157.19,No Information,No Information,No Information,No Information,No Information,29.5% above/20.11% above/20.11% above,28.7%/8.86%/18.76%,"5.23%, 30.62%",1.5 year/5.1 months/9.5 months,7.48%,7.69%,-0.21%,0.0,0.46,90.43%/94/11 months (Across ALL Assets),65.48%/197/9.4 months (Across ALL Assets)
SIGMASHELL,"NA.TO, Long, 2026-02-02 (Price: 163.94)",Daily,No Exit Yet,207.1743 (F-Stack 2),No Date Target,No Next Target,"23.78%, 2.5 months","2026-04-17 (Price: 202.92), 23.78% above",No Next Target,2027-07-08 (Max)/2026-05-04 (Min)/2026-08-25 (Avg),161.96/82.9367/148.3746/134.0186/No F-Track Level/No F-Track Level/163.3,"100.0%, Past 5 years, 8",162.22,"-3.34, 87.5%",No Information,No Information,No Information,No Information,No Information,13.29%/0.09%/8.3%,"-0.0%, 20.53%",1 year/2.1 months/4.7 months,14.08%,8.62%,5.46%,0.0,0.48,61.7%/47/4.8 months (Across ALL Assets),64.05%/306/3.6 months (Across ALL Assets)
TRENDPULSE,"DOL.TO, Long, 2026-02-24 (Price: 196.37)",Daily,No Exit Yet,No Price Target,2026-04-17 (Avg),14.82%/15.52%,"-10.11%, 1.7 month","2026-04-17 (Price: 176.51), 10.11% below",202.6735 (Historic Rise or Fall to Pivot)/203.9106 (Avg % Gain of Historic Winning trades)/204.52 (Function Specific Target)/294.0831 (F-Stack 1)/455.769 (F-Stack 2)/216.2426 (Backtested Max),2026-08-16 (Max),183.5/53.2967/194.1559/132.3972/No F-Track Level/No F-Track Level/189.15,"100.0%, Past 4 years, 32",195.43,No Information,No Information,No Information,No Information,No Information,9.8% below/10.11% below/10.11% below,10.12%/0.29%/3.84%,"-0.0%, 13.61%",4 months/6 days/1.2 month,17.74%,18.66%,-0.92%,0.0,1.22,92.31%/325/1.3 month (Across ALL Assets),77.68%/775/1.6 month (Across ALL Assets)
OSCILLATOR DELTA,"DOL.TO, Long, 2026-03-26 (Price: 168.84)",Daily,2026-04-16 (Price: 173.36),177.28 (Function Specific Target),2026-04-18 (Avg),2.61%/4.09%,"4.54%, 22 days","2026-04-17 (Price: 176.51), 4.54% above",183.7317 (Historic Rise or Fall to Pivot)/197.56 (Horizontal)/294.0831 (F-Stack 1)/455.769 (F-Stack 2)/189.94 (EMA 200)/181.1147 (Backtested Max),2026-06-07 (Max)/2026-04-18 (Avg),No Recent Minima/53.2967/132.3972/94.2286/No F-Track Level/No F-Track Level/No EMA 200 Stop Loss,"100.0%, Past 6 years, 16",171.36,No Information,No Information,No Information,No Information,No Information,No Information,7.27%/0.23%/2.69%,"-0.0%, 8.07%",1.7 month/2 days/16 days,10.56%,18.66%,-8.1%,0.0,1.22,87.86%/140/29 days (Across ALL Assets),78.27%/497/25 days (Across ALL Assets)
SIGMASHELL,"DOL.TO, Long, 2026-04-01 (Price: 171.3)",Daily,No Exit Yet,176.6103 (Historic Rise or Fall to Pivot),No Date Target,5.6%/7.61%,"3.04%, 16 days","2026-04-17 (Price: 176.51), 3.04% above",190.1259 (Avg % Gain of Historic Winning trades)/294.0831 (Function Specific Target)/197.56 (Horizontal)/294.0831 (F-Stack 1)/455.769 (F-Stack 2)/189.94 (EMA 200)/199.5302 (Backtested Max)/186.3915 (Backtested Min),2026-08-18 (Max)/2026-05-27 (Min)/2026-07-05 (Avg),166.76/53.2967/132.3972/94.2286/No F-Track Level/No F-Track Level/No EMA 200 Stop Loss,"100.0%, Past 5 years, 7",173.34,"-7.08, 100.0%",No Information,No Information,No Information,No Information,No Information,16.48%/8.81%/10.99%,"-0.0%, 7.51%",3.2 months/1.3 month/2.2 months,14.65%,18.4%,-3.75%,2.63,1.15,61.7%/47/4.8 months (Across ALL Assets),64.05%/306/3.6 months (Across ALL Assets)
TRENDPULSE,"SOXX, Long, 2026-04-08 (Price: 370.4)",Daily,2026-04-14 (Price: 401.24),No Price Target,2026-04-16 (Min),2.02%/8.2%,"12.23%, 9 days","2026-04-17 (Price: 415.71), 12.23% above",449.8184 (F-Stack 2)/424.108 (Backtested Max),2026-06-03 (Max)/2026-04-25 (Avg),309.79/110.475/348.2242/301.3628/No F-Track Level/No F-Track Level/294.06,"82.14%, Past 4 years, 28",367.89,No Information,No Information,No Information,No Information,No Information,19.54% above/12.23% above/12.23% above,14.5%/0.41%/4.35%,"10.17%, 34.33%",1.3 month/6 days/12 days,10.99%,20.03%,-9.04%,0.0,0.96,92.31%/325/1.3 month (Across ALL Assets),77.68%/775/1.6 month (Across ALL Assets)
TRENDPULSE,"SOXX, Long, 2026-02-28 (Price: 352.29)",Monthly,No Exit Yet,420.0354 (Avg % Gain of Historic Winning trades)/411.0319 (F-Stack 2),No Date Target,6.99%/31.91%,"18.0%, 1.6 month","2026-04-17 (Price: 415.71), 18.0% above",548.36 (Function Specific Target)/444.7661 (Backtested Max),2026-11-20 (Max)/2026-10-03 (Min)/2026-10-20 (Avg),183.84/110.475/301.3628/285.4342/No F-Track Level/No F-Track Level/277.64,"70.0%, Past 20 years, 10",342.37,No Information,No Information,No Information,No Information,No Information,20.04% above/18.0% above/18.0% above,26.25%/7.49%/19.23%,"12.25%, 59.88%",6.1 months/5 months/5.4 months,-2.14%,7.74%,-9.88%,0.0,0.4,90.43%/94/11 months (Across ALL Assets),65.48%/197/9.4 months (Across ALL Assets)
TRENDPULSE,"SOXX, Long, 2025-12-31 (Price: 301.15)",Quarterly,No Exit Yet,411.0319 (F-Stack 2),No Date Target,7.66%/12.51%,"38.04%, 3.6 months","2026-04-17 (Price: 415.71), 38.04% above",447.539 (Avg % Gain of Historic Winning trades)/467.71 (Function Specific Target)/525.5369 (Backtested Max),2030-09-16 (Max)/2027-11-08 (Min)/2028-09-16 (Avg),106.24/110.475/285.4342/254.997/No F-Track Level/No F-Track Level/246.22,"100.0%, Past 24 years, 8",269.38,No Information,No Information,No Information,No Information,No Information,38.04% above/53.49% above/38.04% above,74.51%/31.99%/48.61%,"-0.0%, 41.23%",3.3 years/1.3 year/1.9 year,15.16%,9.13%,6.03%,0.0,0.47,100.0%/18/2.6 years (Across ALL Assets),0.0%/3/4.1 months (Across ALL Assets)
DELTADRIFT,"INDY, Long, 2026-03-16 (Price: 43.84)",Daily,2026-04-17 (Price: 45.49),45.3656 (Backtested Max),No Date Target,9.78%/19.75%,"3.76%, 1.1 month","2026-04-17 (Price: 45.49), 3.76% above",54.474 (Horizontal)/60.9145 (F-Stack 1)/68.1277 (F-Stack 2)/49.94 (EMA 200),2026-04-22 (Max),43.16/40.5875/37.969/30.3493/No F-Track Level/No F-Track Level/No EMA 200 Stop Loss,"71.43%, Past 4 years, 14",43.83,No Information,No Information,No Information,No Information,No Information,No Information,3.48%/1.45%/2.4%,"10.43%, 10.43%",26 days/4 days/10 days,2.9%,-0.55%,3.45%,-0.83,-0.25,78.7%/169/13 days (Across ALL Assets),74.35%/620/16 days (Across ALL Assets)
DELTADRIFT,"INDY, Long, 2026-04-05 (Price: 42.12)",Weekly,2026-04-12 (Price: 44.18),45.418 (Avg % Gain of Historic Winning trades)/45.29 (Function Specific Target),No Date Target,7.15%/9.78%,"8.0%, 12 days","2026-04-17 (Price: 45.49), 8.0% above",54.474 (Horizontal)/60.9145 (F-Stack 1)/68.1277 (F-Stack 2)/49.94 (EMA 200)/48.7413 (Backtested Max),2026-08-04 (Max)/2026-05-15 (Min)/2026-06-30 (Avg),41.24/40.5875/37.969/30.3493/No F-Track Level/No F-Track Level/No EMA 200 Stop Loss,"71.43%, Past 15 years, 7",41.04,No Information,No Information,No Information,No Information,No Information,No Information,15.72%/4.17%/7.83%,"18.57%, 22.76%",2.8 months/28 days/2 months,3.14%,1.62%,1.52%,0.07,-0.0,78.57%/14/2.7 months (Across ALL Assets),78.95%/133/2 months (Across ALL Assets)
OSCILLATOR DELTA,"INDY, Long, 2026-04-08 (Price: 44.36)",Daily,No Exit Yet,No Price Target,2026-04-16 (Min),0.85%/4.02%,"2.55%, 9 days","2026-04-17 (Price: 45.49), 2.55% above",45.8771 (Historic Rise or Fall to Pivot)/47.47 (Function Specific Target)/54.474 (Horizontal)/60.9145 (F-Stack 1)/66.9383 (F-Stack 2)/49.94 (EMA 200)/47.3188 (Backtested Max),2026-08-07 (Max)/2026-05-08 (Avg),No Recent Minima/40.5875/37.969/30.3493/No F-Track Level/No F-Track Level/No EMA 200 Stop Loss,"88.89%, Past 6 years, 18",44.8,No Information,No Information,No Information,No Information,No Information,No Information,6.67%/0.05%/1.45%,"10.84%, 11.43%",2.8 months/6 days/21 days,2.71%,6.12%,-3.41%,0.0,0.34,87.86%/140/29 days (Across ALL Assets),78.27%/497/25 days (Across ALL Assets)
FRACTAL TRACK,"BEL.NS, Long, 2026-04-02 (Price: 421.6)",Daily,No Exit Yet,464.0973 (Backtested Min),No Date Target,1.62%/3.73%,"9.76%, 15 days","2026-04-17 (Price: 462.75), 9.76% above",493.7779 (Historic Rise or Fall to Pivot)/470.2526 (Avg % Gain of Historic Winning trades)/629.47 (Function Specific Target)/613.9011 (F-Stack 2)/479.9916 (Backtested Max),2027-05-28 (Max)/2026-04-25 (Min)/2026-10-01 (Avg),400.65/61.7416/382.9941/287.8162/No F-Track Level/No F-Track Level/412.17,"92.86%, Past 5 years, 14",417.0,No Information,No Information,No Information,"23.66% (Price: 391.4799), 18.21% above, Upmove Bounce Back","2023-10-26 (Price: 127.0), 2026-03-06 (Price: 473.45)",No Information,13.85%/10.08%/11.54%,"1.47%, 23.88%",9.7 months/16 days/4.2 months,27.95%,37.48%,-9.53%,0.0,1.95,91.64%/299/5 months (Across ALL Assets),46.15%/52/5.5 months (Across ALL Assets)
FRACTAL TRACK,"BEL.NS, Long, 2026-03-25 (Price: 413.45)",Daily,2026-04-16 (Price: 455.65),461.1621 (Avg % Gain of Historic Winning trades),2026-04-17 (Min),1.4%/1.72%,"11.92%, 23 days","2026-04-17 (Price: 462.75), 11.92% above",484.2326 (Historic Rise or Fall to Pivot)/469.25 (Function Specific Target)/613.9011 (F-Stack 2)/470.7128 (Backtested Max),2027-05-20 (Max)/2026-09-23 (Avg),405.5/61.7416/382.9941/287.8162/No F-Track Level/No F-Track Level/412.17,"92.86%, Past 5 years, 14",416.3,No Information,No Information,No Information,"78.6% (Price: 400.352), 15.59% above, Upmove Bounce Back","2025-12-18 (Price: 380.45), 2026-03-06 (Price: 473.45)",No Information,13.85%/10.08%/11.54%,"1.47%, 23.88%",9.7 months/16 days/4.2 months,27.95%,37.48%,-9.53%,0.0,1.95,91.64%/299/5 months (Across ALL Assets),46.15%/52/5.5 months (Across ALL Assets)
TRENDPULSE,"BEL.NS, Long, 2025-05-31 (Price: 384.6)",Monthly,2026-04-17 (Price: 462.75),456.8119 (F-Stack 2),No Date Target,25.32%/41.3%,"20.32%, 10.7 months","2026-04-17 (Price: 462.75), 20.32% above",697.6259 (Historic Rise or Fall to Pivot)/579.9383 (Avg % Gain of Historic Winning trades)/653.8585 (Backtested Max),2026-08-21 (Max),246.25/39.05/287.8162/240.2858/No F-Track Level/No F-Track Level/293.59,"100.0%, Past 20 years, 9",310.8,No Information,No Information,No Information,No Information,No Information,47.33% above/46.51% above/20.32% above,70.01%/11.06%/50.79%,"0%, 18.14%",10.3 months/4.1 months/6.8 months,20.79%,17.26%,3.53%,0.0,0.78,90.43%/94/11 months (Across ALL Assets),65.48%/197/9.4 months (Across ALL Assets)
FRACTAL TRACK,"TSLA, Long, 2026-02-22 (Price: 411.82)",Weekly,No Exit Yet,No Price Target,2026-04-15 (Min),4.54%/20.04%,"-2.72%, 1.8 month","2026-04-17 (Price: 400.62), 2.72% below",579.2248 (Historic Rise or Fall to Pivot)/480.9234 (Avg % Gain of Historic Winning trades)/704.04 (Function Specific Target)/487.1467 (Horizontal)/541.282 (F-Stack 1)/564.9603 (F-Stack 2)/546.8558 (Backtested Max)/418.8209 (Backtested Min),2028-04-14 (Max)/2026-09-01 (Avg),411.11/196.47/353.8797/223.4247/No F-Track Level/No F-Track Level/398.87,"75.0%, Past 15 years, 16",412.36,No Information,No Information,No Information,"23.66% (Price: 383.5985), 4.44% above, Upmove Bounce Back","2019-06-09 (Price: 11.7993), 2025-12-28 (Price: 498.83)",No Information,32.79%/1.7%/16.78%,"19.51%, 42.05%",1.5 year/1.2 month/4.4 months,11.3%,28.27%,-16.97%,0.0,1.1,88.33%/60/1.6 year (Across ALL Assets),52.12%/165/8.1 months (Across ALL Assets)
DELTADRIFT,"TSLA, Long, 2026-04-05 (Price: 360.59)",Weekly,2026-04-17 (Price: 400.62),398.87 (EMA 200),No Date Target,3.12%/13.84%,"11.1%, 12 days","2026-04-17 (Price: 400.62), 11.1% above",493.1068 (Historic Rise or Fall to Pivot)/456.0742 (Avg % Gain of Historic Winning trades)/474.59 (Function Specific Target)/487.1467 (Horizontal)/494.4819 (F-Stack 1)/553.1211 (F-Stack 2)/524.0815 (Backtested Max)/413.128 (Backtested Min),2026-11-03 (Max)/2026-04-25 (Min)/2026-06-30 (Avg),302.63/196.47/348.637/262.8246/No F-Track Level/No F-Track Level/No EMA 200 Stop Loss,"100.0%, Past 15 years, 5",365.86,No Information,No Information,No Information,No Information,No Information,No Information,45.34%/14.57%/26.48%,"-0.0%, 27.43%",4.9 months/14 days/2 months,31.0%,27.98%,3.02%,0.54,1.09,78.57%/14/2.7 months (Across ALL Assets),78.95%/133/2 months (Across ALL Assets)
TRENDPULSE,"JPM, Long, 2025-03-31 (Price: 245.3)",Quarterly,2026-04-17 (Price: 310.29),No Price Target,No Date Target,21.83%/24.68%,"26.49%, 1.1 year","2026-04-17 (Price: 310.29), 26.49% above",386.88 (Function Specific Target)/378.0318 (Backtested Max),2030-05-21 (Max)/2026-09-03 (Min)/2027-10-25 (Avg),104.5/91.08/208.1524/186.1217/No F-Track Level/No F-Track Level/230.23,"100.0%, Past 45 years, 6",240.92,No Information,No Information,No Information,No Information,No Information,29.44% above/25.06% above/26.49% above,54.11%/10.04%/26.54%,"0%, 36.16%",3.6 years/1 year/1.8 year,5.39%,6.11%,-0.72%,0.0,0.31,100.0%/18/2.6 years (Across ALL Assets),0.0%/3/4.1 months (Across ALL Assets)
TRENDPULSE,"JPM, Long, 2024-06-30 (Price: 202.26)",Quarterly,2026-04-17 (Price: 310.29),316.12 (Function Specific Target)/311.7029 (Backtested Max),No Date Target,No Next Target,"53.41%, 1.8 year","2026-04-17 (Price: 310.29), 53.41% above",No Next Target,2029-08-20 (Max)/2027-01-24 (Avg),104.5/91.08/186.1217/130.0388/No F-Track Level/No F-Track Level/173.92,"100.0%, Past 45 years, 6",199.99,No Information,No Information,No Information,No Information,No Information,53.41% above/53.41% above/53.41% above,54.11%/10.04%/26.54%,"0%, 36.16%",3.6 years/1 year/1.8 year,5.39%,6.11%,-0.72%,0.0,0.31,100.0%/18/2.6 years (Across ALL Assets),0.0%/3/4.1 months (Across ALL Assets)
OSCILLATOR DELTA,"MA, Long, 2026-03-31 (Price: 499.66)",Daily,No Exit Yet,519.7963 (Avg % Gain of Historic Winning trades),No Date Target,2.56%/5.06%,"4.33%, 17 days","2026-04-17 (Price: 521.3), 4.33% above",547.6773 (Historic Rise or Fall to Pivot)/534.64 (Function Specific Target)/592.095 (Horizontal)/716.5814 (F-Stack 1)/751.3605 (F-Stack 2)/550.84 (EMA 200)/582.8534 (Backtested Max),2026-07-21 (Max)/2026-04-27 (Avg),No Recent Minima/305.0867/442.8637/361.9068/No F-Track Level/No F-Track Level/No EMA 200 Stop Loss,"94.44%, Past 6 years, 18",500.0,No Information,No Information,No Information,No Information,No Information,No Information,16.65%/0.37%/4.03%,"12.42%, 14.53%",2.6 months/6 days/19 days,12.64%,7.99%,4.65%,0.0,0.42,87.86%/140/29 days (Across ALL Assets),78.27%/497/25 days (Across ALL Assets)
PULSEGAUGE,"MA, Long, 2025-07-08 (Price: 562.44)",Weekly,No Exit Yet,No Price Target,2026-04-20 (Avg),30.11%/32.14%,"-7.31%, 9.4 months","2026-04-17 (Price: 521.3), 7.31% below",688.8203 (Avg % Gain of Historic Winning trades)/716.5814 (Function Specific Target)/716.5814 (F-Stack 1)/751.3605 (F-Stack 2)/706.5934 (Backtested Max)/678.2464 (Backtested Min),2027-08-29 (Max)/2026-04-20 (Avg),532.97/279.035/554.0572/515.4888/No F-Track Level/No F-Track Level/550.84,"100.0%, Past 19 years, 14",570.67,No Information,No Information,No Information,No Information,No Information,No Information,25.63%/20.59%/22.47%,"-0.0%, 28.16%",1.5 year/2.6 months/6.6 months,17.99%,17.92%,0.07%,0.06,0.11,69.84%/63/6.2 months (Across ALL Assets),72.92%/277/6.5 months (Across ALL Assets)
FRACTAL TRACK,"NFLX, Long, 2026-03-15 (Price: 95.31)",Weekly,No Exit Yet,No Price Target,2026-04-14 (Min),8.81%/12.74%,"2.1%, 1.1 month","2026-04-17 (Price: 97.31), 2.1% above",116.4116 (Historic Rise or Fall to Pivot)/115.5348 (Avg % Gain of Historic Winning trades)/166.02 (Function Specific Target)/139.352 (F-Stack 1)/152.4292 (F-Stack 2)/105.88 (EMA 200)/123.5122 (Backtested Max)/109.7113 (Backtested Min),2028-10-08 (Max)/2027-01-26 (Avg),76.87/34.8663/86.4764/77.567/No F-Track Level/No F-Track Level/No EMA 200 Stop Loss,"100.0%, Past 20 years, 12",97.7,No Information,No Information,No Information,"50% (Price: 75.193), 29.41% above, Upmove Bounce Back","2022-05-15 (Price: 16.271), 2025-07-06 (Price: 134.115)",No Information,29.59%/15.11%/21.22%,"-0.0%, 55.15%",1.8 year/21 days/7.3 months,13.22%,21.07%,-7.85%,0.0,0.87,88.33%/60/1.6 year (Across ALL Assets),52.12%/165/8.1 months (Across ALL Assets)
TRENDPULSE,"NFLX, Long, 2026-04-10 (Price: 103.01)",Daily,No Exit Yet,No Price Target,2026-04-18 (Min),13.17%/25.03%,"-5.53%, 7 days","2026-04-17 (Price: 97.31), 5.53% below",121.67 (Function Specific Target)/139.352 (F-Stack 1)/152.4292 (F-Stack 2)/110.128 (Backtested Max),2026-07-27 (Max)/2026-04-18 (Min)/2026-05-27 (Avg),90.92/34.8663/100.8852/86.4764/No F-Track Level/No F-Track Level/No EMA 200 Stop Loss,"88.89%, Past 4 years, 18",102.47,No Information,No Information,No Information,No Information,No Information,2.09% below/5.53% below/5.53% below,6.91%/0.45%/3.51%,"0.57%, 20.2%",2.5 months/6 days/1.1 month,15.22%,12.05%,3.17%,0.0,0.58,92.31%/325/1.3 month (Across ALL Assets),77.68%/775/1.6 month (Across ALL Assets)
FRACTAL TRACK,"RELIANCE.NS, Long, 2025-11-30 (Price: 1567.5)",Monthly,2026-04-17 (Price: 1365.0),No Price Target,No Date Target,39.28%/45.92%,"-12.92%, 4.6 months","2026-04-17 (Price: 1365.0), 12.92% below",2357.3632 (Historic Rise or Fall to Pivot)/1991.8222 (Avg % Gain of Historic Winning trades)/2292.59 (Function Specific Target)/2250.6285 (F-Stack 1)/2387.5727 (F-Stack 2)/2233.6875 (Backtested Max)/1901.2207 (Backtested Min),2028-03-13 (Max)/2026-11-16 (Avg),1200.1/855.3207/1503.6962/1393.886/No F-Track Level/No F-Track Level/1442.39,"75.0%, Past 48 years, 8",1486.0,No Information,No Information,No Information,"23.66% (Price: 1322.8731), 3.18% above, Upmove Bounce Back","2020-03-31 (Price: 400.3177), 2024-07-31 (Price: 1608.8)",No Information,42.5%/21.29%/27.07%,"16.77%, 28.2%",1.6 year/3 months/8.1 months,9.14%,13.13%,-3.99%,0.0,0.61,90.24%/41/1.4 year (Across ALL Assets),63.64%/66/9.7 months (Across ALL Assets)
FRACTAL TRACK,"RELIANCE.NS, Long, 2025-06-30 (Price: 1500.6)",Monthly,2026-04-17 (Price: 1365.0),No Price Target,No Date Target,33.34%/36.43%,"-9.04%, 9.7 months","2026-04-17 (Price: 1365.0), 9.04% below",2256.7523 (Historic Rise or Fall to Pivot)/1906.8124 (Avg % Gain of Historic Winning trades)/1862.24 (Function Specific Target)/1879.7264 (F-Stack 1)/2250.6285 (F-Stack 2)/2138.355 (Backtested Max)/1820.0777 (Backtested Min),2027-10-12 (Max)/2026-06-16 (Avg),1200.1/853.4344/1375.0525/1032.6763/No F-Track Level/No F-Track Level/1442.39,"75.0%, Past 48 years, 8",1412.1,No Information,No Information,No Information,"78.6% (Price: 1135.0539), 20.26% above, Upmove Bounce Back","2023-03-31 (Price: 1006.0696), 2024-07-31 (Price: 1608.8)",No Information,42.5%/21.29%/27.07%,"16.77%, 28.2%",1.6 year/3 months/8.1 months,9.14%,13.13%,-3.99%,0.0,0.61,90.24%/41/1.4 year (Across ALL Assets),63.64%/66/9.7 months (Across ALL Assets)
TRENDPULSE,"TD.TO, Long, 2025-12-28 (Price: 129.16)",Weekly,No Exit Yet,145.0725 (Backtested Max),No Date Target,5.46%/19.84%,"11.62%, 3.7 months","2026-04-17 (Price: 144.17), 11.62% above",172.77 (Function Specific Target)/152.0396 (F-Stack 2),2028-07-23 (Max)/2026-07-24 (Avg),81.05/73.6233/101.1064/83.3451/No F-Track Level/No F-Track Level/102.19,"87.5%, Past 10 years, 32",128.25,No Information,No Information,No Information,No Information,No Information,14.6% above/11.83% above/11.62% above,12.32%/1.31%/6.69%,"9.57%, 31.6%",1.8 year/28 days/4.8 months,7.5%,5.65%,1.85%,0.0,0.31,91.3%/161/4.7 months (Across ALL Assets),74.55%/389/4 months (Across ALL Assets)
PULSEGAUGE,"TD.TO, Long, 2026-01-28 (Price: 126.9)",Weekly,2026-04-13 (Price: 140.67),144.6406 (Avg % Gain of Historic Winning trades)/145.3766 (Backtested Max)/144.0569 (Backtested Min),No Date Target,5.46%/5.46%,"13.61%, 2.6 months","2026-04-17 (Price: 144.17), 13.61% above",152.0396 (Function Specific Target)/152.0396 (F-Stack 1)/161.295 (F-Stack 2),2029-03-20 (Max)/2026-12-24 (Avg),81.05/73.6233/103.0479/83.3451/No F-Track Level/No F-Track Level/118.37,"72.22%, Past 25 years, 18",130.41,No Information,No Information,No Information,No Information,No Information,No Information,14.56%/13.52%/13.98%,"26.93%, 26.97%",2.2 years/15 days/7.6 months,3.07%,5.54%,-2.47%,-0.48,-0.25,69.84%/63/6.2 months (Across ALL Assets),72.92%/277/6.5 months (Across ALL Assets)
FRACTAL TRACK,"GILD, Long, 2026-03-25 (Price: 138.26)",Daily,No Exit Yet,No Price Target,2026-04-18 (Min),3.35%/6.27%,"-0.45%, 23 days","2026-04-17 (Price: 137.64), 0.45% below",146.2653 (Historic Rise or Fall to Pivot)/152.9709 (Avg % Gain of Historic Winning trades)/195.39 (Function Specific Target)/154.7608 (F-Stack 1)/163.0355 (F-Stack 2)/161.8748 (Backtested Max)/142.2557 (Backtested Min),2028-12-09 (Max)/2026-04-18 (Min)/2026-11-23 (Avg),137.21/57.18/121.083/104.5806/No F-Track Level/No F-Track Level/125.8,"100.0%, Past 5 years, 17",139.76,No Information,No Information,No Information,"23.66% (Price: 134.7609), 2.14% above, Upmove Bounce Back","2024-05-31 (Price: 62.07), 2026-02-11 (Price: 157.29)",No Information,17.08%/2.89%/10.64%,"-0.0%, 28.3%",1.9 year/17 days/5.6 months,31.38%,11.19%,20.19%,0.0,0.64,91.64%/299/5 months (Across ALL Assets),46.15%/52/5.5 months (Across ALL Assets)
TRENDPULSE,"GILD, Long, 2025-03-31 (Price: 112.05)",Quarterly,No Exit Yet,140.4376 (F-Stack 2),No Date Target,2.98%/13.39%,"22.84%, 1.1 year","2026-04-17 (Price: 137.64), 22.84% above",141.7433 (Historic Rise or Fall to Pivot)/156.0744 (Avg % Gain of Historic Winning trades)/165.4306 (Backtested Max),2029-07-12 (Max)/2027-05-22 (Min)/2028-09-02 (Avg),58.26/56.99/102.2986/87.442/No F-Track Level/No F-Track Level/88.22,"100.0%, Past 34 years, 7",92.62,No Information,No Information,No Information,No Information,No Information,49.01% above/27.57% above/22.84% above,47.64%/11.57%/39.29%,"-0.0%, 24.28%",3 years/1.5 year/2.4 years,9.04%,12.19%,-3.15%,0.0,0.53,100.0%/18/2.6 years (Across ALL Assets),0.0%/3/4.1 months (Across ALL Assets)
BASELINEDIVERGENCE,"BN.TO, Long, 2026-04-05 (Price: 56.93)",Weekly,No Exit Yet,63.7217 (Historic Rise or Fall to Pivot)/64.4049 (Avg % Gain of Historic Winning trades),No Date Target,7.17%/7.65%,"12.14%, 12 days","2026-04-17 (Price: 63.84), 12.14% above",68.7243 (Function Specific Target)/68.4166 (Horizontal)/68.7243 (F-Stack 1)/74.8784 (F-Stack 2)/79.1555 (Backtested Max),2026-12-04 (Max)/2026-07-05 (Min)/2026-09-08 (Avg),52.55/41.16/52.8663/46.8365/No F-Track Level/No F-Track Level/No EMA 200 Stop Loss,"92.59%, Past 2 years, 27",54.81,No Information,"^GSPC, Normal Case",No Information,No Information,No Information,No Information,39.04%/0.51%/13.13%,"10.81%, 25.91%",5.6 months/2.1 months/3.6 months,66.17%,16.44%,49.73%,0.0,0.9,74.36%/39/3.3 months (Across ALL Assets),64.9%/396/3.4 months (Across ALL Assets)
BASELINEDIVERGENCE,"BN.TO, Long, 2026-01-18 (Price: 65.91)",Weekly,No Exit Yet,No Price Target,2026-04-19 (Min),3.77%/7.65%,"-3.14%, 3 months","2026-04-17 (Price: 63.84), 3.14% below",73.7731 (Historic Rise or Fall to Pivot)/74.564 (Avg % Gain of Historic Winning trades)/68.7243 (Function Specific Target)/68.7243 (F-Stack 1)/78.4091 (F-Stack 2)/91.6413 (Backtested Max)/66.2461 (Backtested Min),2026-09-18 (Max)/2026-04-19 (Min)/2026-06-23 (Avg),43.89/41.16/62.6228/52.8663/No F-Track Level/No F-Track Level/61.72,"92.59%, Past 2 years, 27",65.83,No Information,"^GSPC, Normal Case",No Information,No Information,No Information,No Information,39.04%/0.51%/13.13%,"10.81%, 25.91%",5.6 months/2.1 months/3.6 months,66.17%,16.44%,49.73%,0.0,0.9,74.36%/39/3.3 months (Across ALL Assets),64.9%/396/3.4 months (Across ALL Assets)
FRACTAL TRACK,"FXI, Long, 2026-04-12 (Price: 36.25)",Weekly,No Exit Yet,37.5622 (Historic Rise or Fall to Pivot),No Date Target,2.85%/10.84%,"3.72%, 5 days","2026-04-17 (Price: 37.6), 3.72% above",41.6766 (Avg % Gain of Historic Winning trades)/48.93 (Function Specific Target)/42.105 (Horizontal)/90.5742 (F-Stack 1)/95.3274 (F-Stack 2)/38.67 (EMA 200)/43.8371 (Backtested Max),2032-06-01 (Max)/2026-07-20 (Min)/2028-11-05 (Avg),34.85/20.865/No F-Stack Support/No F-Stack Support/No F-Track Level/No F-Track Level/No EMA 200 Stop Loss,"94.44%, Past 20 years, 18",35.34,No Information,No Information,No Information,"38.2% (Price: 33.9245), 10.83% above, Upmove Bounce Back","2024-01-28 (Price: 20.86), 2025-10-05 (Price: 42.0)",No Information,20.93%/0.55%/14.97%,"1.3%, 33.51%",4.3 years/2.3 months/1.8 year,9.45%,1.16%,8.29%,0.0,0.04,88.33%/60/1.6 year (Across ALL Assets),52.12%/165/8.1 months (Across ALL Assets)
DELTADRIFT,"FXI, Long, 2026-04-05 (Price: 35.56)",Weekly,2026-04-17 (Price: 37.6),37.69 (Function Specific Target),No Date Target,2.85%/3.04%,"5.74%, 12 days","2026-04-17 (Price: 37.6), 5.74% above",38.7426 (Avg % Gain of Historic Winning trades)/42.105 (Horizontal)/90.5742 (F-Stack 1)/95.3274 (F-Stack 2)/38.67 (EMA 200)/39.9837 (Backtested Max),2027-03-14 (Max)/2026-04-25 (Min)/2026-08-17 (Avg),34.85/20.865/No F-Stack Support/No F-Stack Support/No F-Track Level/No F-Track Level/No EMA 200 Stop Loss,"70.0%, Past 15 years, 10",35.15,No Information,No Information,No Information,No Information,No Information,No Information,12.44%/4.88%/8.95%,"20.27%, 21.87%",7.9 months/14 days/3.1 months,2.0%,-1.2%,3.2%,0.26,-0.12,78.57%/14/2.7 months (Across ALL Assets),78.95%/133/2 months (Across ALL Assets)
DELTADRIFT,"EMAMILTD.NS, Long, 2026-03-16 (Price: 424.1)",Daily,2026-04-17 (Price: 452.1),450.267 (Backtested Max),No Date Target,16.35%/40.41%,"6.6%, 1.1 month","2026-04-17 (Price: 452.1), 6.6% above",634.8 (Horizontal)/949.731 (F-Stack 1)/1026.7499 (F-Stack 2)/526.04 (EMA 200),2026-05-20 (Max),416.05/413.6/381.1799/329.2417/No F-Track Level/No F-Track Level/No EMA 200 Stop Loss,"92.86%, Past 4 years, 14",416.15,No Information,No Information,No Information,No Information,No Information,No Information,6.17%/2.47%/3.64%,"6.86%, 7.63%",1.5 month/1 day/15 days,12.01%,-3.33%,15.34%,0.85,-0.16,78.7%/169/13 days (Across ALL Assets),74.35%/620/16 days (Across ALL Assets)
DELTADRIFT,"EMAMILTD.NS, Long, 2026-04-05 (Price: 398.3)",Weekly,2026-04-12 (Price: 424.15),No Price Target,2026-04-15 (Min),4.39%/11.02%,"13.51%, 12 days","2026-04-17 (Price: 452.1), 13.51% above",501.9377 (Historic Rise or Fall to Pivot)/471.93 (Function Specific Target)/634.8 (Horizontal)/949.731 (F-Stack 1)/1026.7499 (F-Stack 2)/526.04 (EMA 200)/504.0487 (Backtested Max),2026-10-26 (Max)/2026-05-31 (Avg),393.1/No Horizontal Support/381.1799/329.2417/No F-Track Level/No F-Track Level/No EMA 200 Stop Loss,"87.5%, Past 15 years, 8",391.7,No Information,No Information,No Information,No Information,No Information,No Information,26.55%/6.51%/10.95%,"17.56%, 19.61%",4.7 months/7 days/1.3 month,8.05%,5.09%,2.96%,0.59,0.26,78.57%/14/2.7 months (Across ALL Assets),78.95%/133/2 months (Across ALL Assets)
TRENDPULSE,"NVDA, Long, 2026-02-09 (Price: 190.04)",Daily,2026-04-17 (Price: 201.68),No Price Target,No Date Target,0.82%/3.03%,"6.13%, 2.2 months","2026-04-17 (Price: 201.68), 6.13% above",237.341 (Historic Rise or Fall to Pivot)/207.7897 (Avg % Gain of Historic Winning trades)/203.33 (Function Specific Target)/239.8943 (F-Stack 1)/283.6698 (F-Stack 2)/226.9268 (Backtested Max),No Next Date Target,171.88/13.9695/176.5924/152.8996/No F-Track Level/No F-Track Level/170.11,"90.91%, Past 4 years, 22",184.26,No Information,No Information,No Information,No Information,No Information,8.78% above/6.13% above/6.13% above,19.41%/2.96%/9.34%,"6.69%, 63.72%",17 days/6 days/10 days,14.21%,47.05%,-32.84%,0.0,1.84,92.31%/325/1.3 month (Across ALL Assets),77.68%/775/1.6 month (Across ALL Assets)
SIGMASHELL,"MSFT, Long, 2026-03-11 (Price: 404.88)",Daily,No Exit Yet,422.4923 (Backtested Min),No Date Target,10.31%/11.63%,"4.42%, 1.2 month","2026-04-17 (Price: 422.79), 4.42% above",466.3813 (Avg % Gain of Historic Winning trades)/553.3726 (Function Specific Target)/554.585 (Horizontal)/553.3726 (F-Stack 1)/615.9924 (F-Stack 2)/471.96 (EMA 200)/512.74 (Backtested Max),2026-08-31 (Max)/2026-05-15 (Min)/2026-06-23 (Avg),384.47/216.39/386.873/350.287/No F-Track Level/No F-Track Level/No EMA 200 Stop Loss,"91.67%, Past 5 years, 12",405.57,"-3.29, 72.62%",No Information,No Information,No Information,No Information,No Information,26.64%/4.35%/15.19%,"0.24%, 14.8%",4 months/1.5 month/2.4 months,32.78%,15.46%,17.32%,0.0,0.76,61.7%/47/4.8 months (Across ALL Assets),64.05%/306/3.6 months (Across ALL Assets)
FRACTAL TRACK,"BTC-USD, Long, 2026-03-31 (Price: 68231.1875)",Daily,No Exit Yet,74876.9052 (Historic Rise or Fall to Pivot),No Date Target,1.2%/3.97%,"9.59%, 16 days","2026-04-16 (Price: 74772.2891), 9.59% above",75668.3869 (Avg % Gain of Historic Winning trades)/77739.43 (Function Specific Target)/124582.2656 (Horizontal)/128961.5315 (F-Stack 1)/140554.5205 (F-Stack 2)/87587.01 (EMA 200)/79543.9184 (Backtested Max),2029-07-10 (Max)/2026-07-17 (Avg),65954.92/18304.4229/63455.2249/57447.2152/No F-Track Level/No F-Track Level/No EMA 200 Stop Loss,"89.66%, Past 5 years, 29",66727.5234,No Information,No Information,No Information,"61.8% (Price: 66127.7869), 13.07% above, Upmove Bounce Back","2026-02-06 (Price: 60074.2031), 2026-03-17 (Price: 75921.2812)",No Information,16.58%/2.6%/10.9%,"10.03%, 72.69%",2.3 years/2 days/2.5 months,39.05%,3.09%,35.96%,0.0,0.22,91.64%/299/5 months (Across ALL Assets),46.15%/52/5.5 months (Across ALL Assets)
TRENDPULSE,"META, Long, 2026-04-09 (Price: 628.39)",Daily,2026-04-17 (Price: 688.55),688.7783 (Historic Rise or Fall to Pivot)/683.13 (EMA 200),No Date Target,1.34%/7.83%,"9.57%, 8 days","2026-04-17 (Price: 688.55), 9.57% above",697.76 (Function Specific Target)/742.455 (Horizontal)/842.484 (F-Stack 1)/1305.5879 (F-Stack 2),2026-10-21 (Max)/2026-04-20 (Min)/2026-05-15 (Avg),525.72/276.89/556.264/No stop loss/No F-Track Level/No F-Track Level/No EMA 200 Stop Loss,"100.0%, Past 4 years, 16",626.97,No Information,No Information,No Information,No Information,No Information,12.43% above/9.57% above/9.57% above,7.95%/0.93%/4.32%,"0%, 60.2%",4.5 months/8 days/25 days,11.73%,15.29%,-3.56%,0.0,0.7,92.31%/325/1.3 month (Across ALL Assets),77.68%/775/1.6 month (Across ALL Assets)
SIGMASHELL,"SPY, Long, 2026-04-01 (Price: 655.24)",Daily,No Exit Yet,706.8729 (Avg % Gain of Historic Winning trades),No Date Target,3.29%/36.47%,"8.38%, 16 days","2026-04-17 (Price: 710.14), 8.38% above",969.1148 (Function Specific Target)/969.1148 (F-Stack 1)/1522.3697 (F-Stack 2)/733.4757 (Backtested Max),2026-09-30 (Max)/2026-05-23 (Min)/2026-07-18 (Avg),631.97/412.1625/627.1849/415.8599/No F-Track Level/No F-Track Level/No EMA 200 Stop Loss,"100.0%, Past 5 years, 10",653.9,"-4.8, 90.62%",No Information,No Information,No Information,No Information,No Information,11.94%/1.85%/7.88%,"-0.0%, 14.73%",4.2 months/1.2 month/2.5 months,18.47%,5.86%,12.61%,0.0,0.32,61.7%/47/4.8 months (Across ALL Assets),64.05%/306/3.6 months (Across ALL Assets)
DELTADRIFT,"ORCL, Long, 2026-02-15 (Price: 160.14)",Weekly,No Exit Yet,175.6416 (Backtested Min),No Date Target,2.64%/4.18%,"9.32%, 2 months","2026-04-17 (Price: 175.06), 9.32% above",203.3298 (Historic Rise or Fall to Pivot)/179.6771 (Avg % Gain of Historic Winning trades)/191.5 (Function Specific Target)/300.069 (F-Stack 1)/376.1425 (F-Stack 2)/215.37 (EMA 200)/182.3834 (Backtested Max),No Next Date Target,142.82/82.7925/152.3597/145.7273/No F-Track Level/No F-Track Level/No EMA 200 Stop Loss,"80.0%, Past 15 years, 5",148.49,No Information,No Information,No Information,No Information,No Information,No Information,13.89%/9.68%/12.2%,"20.01%, 25.53%",21 days/7 days/16 days,5.16%,7.07%,-1.91%,-0.04,0.36,78.57%/14/2.7 months (Across ALL Assets),78.95%/133/2 months (Across ALL Assets)
DELTADRIFT,"BABA, Long, 2026-03-24 (Price: 125.48)",Daily,2026-04-14 (Price: 131.35),140.8638 (Backtested Max),No Date Target,4.26%/28.78%,"12.38%, 24 days","2026-04-17 (Price: 141.01), 12.38% above",181.595 (Horizontal)/395.5515 (F-Stack 1)/453.696 (F-Stack 2)/147.02 (EMA 200),2026-05-15 (Max),122.41/67.495/108.0763/No stop loss/No F-Track Level/No F-Track Level/No EMA 200 Stop Loss,"85.71%, Past 4 years, 14",124.36,No Information,No Information,No Information,No Information,No Information,No Information,12.26%/3.97%/6.72%,"17.99%, 17.99%",1.2 month/1 day/13 days,12.35%,-8.19%,20.54%,1.04,-0.08,78.7%/169/13 days (Across ALL Assets),74.35%/620/16 days (Across ALL Assets)
DELTADRIFT,"PG, Long, 2026-03-23 (Price: 143.99)",Daily,2026-04-17 (Price: 146.93),No Price Target,No Date Target,0.44%/1.53%,"2.04%, 25 days","2026-04-17 (Price: 146.93), 2.04% above",152.4854 (Historic Rise or Fall to Pivot)/147.5754 (Avg % Gain of Historic Winning trades)/150.03 (Function Specific Target)/179.4533 (Horizontal)/186.6499 (F-Stack 1)/209.3631 (F-Stack 2)/151.24 (EMA 200)/149.1736 (Backtested Max),2026-06-09 (Max),138.04/130.72/140.2317/117.5404/No F-Track Level/No F-Track Level/No EMA 200 Stop Loss,"85.71%, Past 4 years, 14",146.15,No Information,No Information,No Information,No Information,No Information,No Information,3.6%/1.35%/2.49%,"8.75%, 11.0%",1.8 month/1 day/14 days,5.85%,0.6%,5.25%,0.22,-0.12,78.7%/169/13 days (Across ALL Assets),74.35%/620/16 days (Across ALL Assets)
SIGMASHELL,"AMD, Long, 2026-03-03 (Price: 190.95)",Daily,No Exit Yet,273.8526 (Function Specific Target)/273.8526 (F-Stack 1),No Date Target,10.62%,"45.79%, 1.5 month","2026-04-17 (Price: 278.39), 45.79% above",307.9609 (F-Stack 2),2026-10-27 (Max)/2026-05-11 (Min)/2026-07-28 (Avg),151.14/72.05/187.3421/170.075/No F-Track Level/No F-Track Level/No EMA 200 Stop Loss,"71.43%, Past 5 years, 7",191.46,"-3.21, 93.75%",No Information,No Information,No Information,No Information,No Information,29.95%/11.64%/20.21%,"21.78%, 48.49%",5.5 months/1.6 month/3.4 months,11.76%,6.65%,5.11%,0.0,0.44,61.7%/47/4.8 months (Across ALL Assets),64.05%/306/3.6 months (Across ALL Assets)
TRENDPULSE,"QQQ, Long, 2025-10-26 (Price: 617.1)",Weekly,No Exit Yet,648.6955 (Avg % Gain of Historic Winning trades),No Date Target,1.23%/8.14%,"5.15%, 5.8 months","2026-04-17 (Price: 648.85), 5.15% above",701.6427 (Historic Rise or Fall to Pivot)/920.5 (Function Specific Target)/836.2536 (F-Stack 2)/656.8412 (Backtested Max),2026-04-26 (Max),422.67/256.995/563.3658/526.8888/No F-Track Level/No F-Track Level/533.99,"94.12%, Past 10 years, 17",607.14,No Information,No Information,No Information,No Information,No Information,7.44% above/6.27% above/5.15% above,6.44%/1.74%/5.12%,"10.15%, 35.46%",4.2 months/1.2 month/2.7 months,8.01%,11.53%,-3.52%,0.0,0.76,91.3%/161/4.7 months (Across ALL Assets),74.55%/389/4 months (Across ALL Assets)
DELTADRIFT,"DIS, Long, 2026-04-05 (Price: 96.61)",Weekly,2026-04-17 (Price: 106.29),105.7493 (Avg % Gain of Historic Winning trades),2026-04-15 (Min),1.5%/3.51%,"10.02%, 12 days","2026-04-17 (Price: 106.29), 10.02% above",110.0195 (Historic Rise or Fall to Pivot)/107.88 (Function Specific Target)/168.455 (Horizontal)/207.5364 (F-Stack 1)/245.6322 (F-Stack 2)/110.55 (EMA 200)/114.6761 (Backtested Max),2026-08-13 (Max)/2026-06-09 (Avg),92.42/79.415/94.0946/88.5027/No F-Track Level/No F-Track Level/No EMA 200 Stop Loss,"88.89%, Past 15 years, 9",92.89,No Information,No Information,No Information,No Information,No Information,No Information,18.7%/4.98%/9.46%,"22.55%, 25.06%",3 months/7 days/1.5 month,7.0%,3.97%,3.03%,0.77,0.18,78.57%/14/2.7 months (Across ALL Assets),78.95%/133/2 months (Across ALL Assets)
DELTADRIFT,"HDB, Long, 2026-04-05 (Price: 24.83)",Weekly,2026-04-12 (Price: 26.73),27.6482 (Historic Rise or Fall to Pivot)/27.4669 (Avg % Gain of Historic Winning trades)/27.56 (Function Specific Target),2026-04-15 (Min),5.43%/24.25%,"10.79%, 12 days","2026-04-17 (Price: 27.51), 10.79% above",39.3812 (Horizontal)/40.717 (F-Stack 1)/51.346 (F-Stack 2)/34.18 (EMA 200)/29.0039 (Backtested Max),2026-07-05 (Max)/2026-05-31 (Avg),24.35/No Horizontal Support/21.1884/14.0692/No F-Track Level/No F-Track Level/No EMA 200 Stop Loss,"100.0%, Past 15 years, 8",24.11,No Information,No Information,No Information,No Information,No Information,No Information,16.81%/7.78%/10.62%,"-0.0%, 13.44%",2.1 months/7 days/1.3 month,13.48%,5.22%,8.26%,1.54,0.26,78.57%/14/2.7 months (Across ALL Assets),78.95%/133/2 months (Across ALL Assets)
TRENDPULSE,"ARM, Long, 2026-04-01 (Price: 155.07)",Daily,2026-04-17 (Price: 166.73),No Price Target,2026-04-15 (Min),1.88%/8.96%,"7.52%, 16 days","2026-04-17 (Price: 166.73), 7.52% above",169.8637 (Avg % Gain of Historic Winning trades)/214.04 (Function Specific Target)/184.93 (Horizontal)/209.6611 (F-Stack 1)/292.8214 (F-Stack 2)/181.6645 (Backtested Max),2026-06-18 (Max)/2026-05-11 (Avg),114.38/No Horizontal Support/122.7432/102.2246/No F-Track Level/No F-Track Level/138.55,"83.33%, Past 4 years, 6",154.39,No Information,No Information,No Information,No Information,No Information,10.21% above/7.52% above/7.52% above,17.15%/3.03%/9.54%,"11.36%, 41.47%",1.8 month/10 days/28 days,17.74%,26.09%,-8.35%,0.0,1.03,92.31%/325/1.3 month (Across ALL Assets),77.68%/775/1.6 month (Across ALL Assets)
OSCILLATOR DELTA,"BTI, Long, 2026-03-10 (Price: 59.41)",Daily,No Exit Yet,No Price Target,2026-04-16 (Avg),8.53%/14.94%,"-4.6%, 1.3 month","2026-04-17 (Price: 56.68), 4.6% below",65.149 (Historic Rise or Fall to Pivot)/61.5131 (Avg % Gain of Historic Winning trades)/68.92 (Function Specific Target)/82.226 (F-Stack 1)/92.0468 (F-Stack 2)/68.0304 (Backtested Max),2026-10-04 (Max),No Recent Minima/28.5067/52.4418/49.3734/No F-Track Level/No F-Track Level/56.13,"94.74%, Past 6 years, 19",58.83,No Information,No Information,No Information,No Information,No Information,No Information,14.51%/0.09%/3.54%,"11.01%, 12.8%",4.8 months/3 days/26 days,11.31%,5.73%,5.58%,0.0,0.3,87.86%/140/29 days (Across ALL Assets),78.27%/497/25 days (Across ALL Assets)
TRENDPULSE,"IBIT, Long, 2026-04-07 (Price: 39.1)",Daily,2026-04-13 (Price: 41.59),43.9015 (Historic Rise or Fall to Pivot),2026-04-15 (Min),25.35%/33.66%,"12.38%, 10 days","2026-04-17 (Price: 43.94), 12.38% above",58.73 (Function Specific Target)/70.855 (Horizontal)/73.0242 (F-Stack 1)/89.9692 (F-Stack 2)/55.08 (EMA 200),2026-06-24 (Max)/2026-05-14 (Avg),37.4/No Horizontal Support/No F-Stack Support/No F-Stack Support/No F-Track Level/No F-Track Level/No EMA 200 Stop Loss,"100.0%, Past 4 years, 6",38.805,No Information,No Information,No Information,No Information,No Information,15.72% above/12.38% above/12.38% above,7.07%/4.18%/5.54%,"-0.0%, 8.48%",1.8 month/6 days/26 days,44.1%,13.13%,30.97%,0.0,0.62,92.31%/325/1.3 month (Across ALL Assets),77.68%/775/1.6 month (Across ALL Assets)
PULSEGAUGE,"CNR.TO, Long, 2025-07-07 (Price: 140.7)",Weekly,No Exit Yet,No Price Target,2026-04-15 (Avg),6.58%/7.12%,"7.43%, 9.5 months","2026-04-17 (Price: 151.16), 7.43% above",161.9176 (Avg % Gain of Historic Winning trades)/218.156 (Function Specific Target)/168.08 (Horizontal)/218.156 (F-Stack 1)/349.4971 (F-Stack 2)/163.0572 (Backtested Max)/161.1015 (Backtested Min),2027-03-24 (Max),134.62/128.828/136.9828/86.815/No F-Track Level/No F-Track Level/136.9,"82.35%, Past 25 years, 17",144.04,No Information,No Information,No Information,No Information,No Information,No Information,15.89%/14.5%/15.08%,"22.84%, 26.76%",1.2 year/1.5 month/6.5 months,6.94%,7.84%,-0.9%,-0.2,-0.16,69.84%/63/6.2 months (Across ALL Assets),72.92%/277/6.5 months (Across ALL Assets)
TRENDPULSE,"TRI.TO, Long, 2026-04-14 (Price: 121.22)",Daily,No Exit Yet,127.2931 (Historic Rise or Fall to Pivot),2026-04-19 (Min),2.28%/53.75%,"5.14%, 3 days","2026-04-17 (Price: 127.45), 5.14% above",228.03 (Function Specific Target)/240.8933 (Horizontal)/293.2329 (F-Stack 1)/455.2123 (F-Stack 2)/195.95 (EMA 200)/130.36 (Backtested Max),2026-12-13 (Max)/2026-04-19 (Min)/2026-07-01 (Avg),115.28/No Horizontal Support/93.0152/69.3828/No F-Track Level/No F-Track Level/No EMA 200 Stop Loss,"100.0%, Past 4 years, 23",120.72,No Information,No Information,No Information,No Information,No Information,5.67% above/5.14% above/5.14% above,7.54%/0.59%/4.19%,"-0.0%, 12.09%",5.6 months/4 days/1.8 month,12.51%,2.86%,9.65%,0.0,0.11,92.31%/325/1.3 month (Across ALL Assets),77.68%/775/1.6 month (Across ALL Assets)
TRENDPULSE,"JD, Long, 2026-03-26 (Price: 29.18)",Daily,2026-04-17 (Price: 31.6),31.7887 (Backtested Max),No Date Target,5.38%/155.55%,"8.29%, 22 days","2026-04-17 (Price: 31.6), 8.29% above",33.3 (Function Specific Target)/80.755 (Horizontal)/97.2627 (F-Stack 1)/102.2552 (F-Stack 2),2026-11-24 (Max)/2026-05-08 (Avg),27.27/24.07/No F-Stack Support/No F-Stack Support/No F-Track Level/No F-Track Level/No EMA 200 Stop Loss,"87.5%, Past 4 years, 24",28.925,No Information,No Information,No Information,No Information,No Information,15.03% above/8.29% above/8.29% above,8.94%/0.59%/3.62%,"40.68%, 51.29%",5.6 months/7 days/1 month,-13.64%,-4.41%,-9.23%,0.0,0.05,92.31%/325/1.3 month (Across ALL Assets),77.68%/775/1.6 month (Across ALL Assets)
FRACTAL TRACK,"DIA, Long, 2026-03-11 (Price: 474.81)",Daily,No Exit Yet,495.4168 (Backtested Min),No Date Target,4.4%/5.95%,"4.09%, 1.2 month","2026-04-17 (Price: 494.22), 4.09% above",515.976 (Avg % Gain of Historic Winning trades)/558.2 (Function Specific Target)/538.1343 (F-Stack 1)/826.9871 (F-Stack 2)/523.6205 (Backtested Max),2029-08-13 (Max)/2026-05-23 (Min)/2027-08-01 (Avg),458.1/326.1/359.6128/249.2814/No F-Track Level/No F-Track Level/469.81,"88.89%, Past 5 years, 18",477.4,No Information,No Information,No Information,"23.66% (Price: 472.4173), 4.62% above, Upmove Bounce Back","2025-04-07 (Price: 366.32), 2026-02-10 (Price: 505.3)",No Information,10.28%/4.34%/8.67%,"4.72%, 21.9%",2.4 years/1.7 month/11.7 months,16.33%,4.77%,11.56%,0.0,0.24,91.64%/299/5 months (Across ALL Assets),46.15%/52/5.5 months (Across ALL Assets)
DELTADRIFT,"NAUKRI.NS, Long, 2026-03-15 (Price: 952.4)",Weekly,2026-04-17 (Price: 1054.55),1064.1165 (Backtested Max),No Date Target,17.32%/21.81%,"10.73%, 1.1 month","2026-04-17 (Price: 1054.55), 10.73% above",1436.7906 (Historic Rise or Fall to Pivot)/1237.22 (Function Specific Target)/1483.595 (Horizontal)/2223.4618 (F-Stack 1)/2377.3661 (F-Stack 2)/1284.51 (EMA 200),2026-08-05 (Max)/2026-05-27 (Avg),816.3/662.12/920.5126/832.4874/No F-Track Level/No F-Track Level/No EMA 200 Stop Loss,"75.0%, Past 15 years, 4",966.0,No Information,No Information,No Information,No Information,No Information,No Information,11.73%/6.17%/8.95%,"22.33%, 28.55%",3.3 months/7 days/1.7 month,1.69%,13.09%,-11.4%,-0.21,0.64,78.57%/14/2.7 months (Across ALL Assets),78.95%/133/2 months (Across ALL Assets)
DELTADRIFT,"INDA, Long, 2026-04-05 (Price: 46.65)",Weekly,2026-04-12 (Price: 49.34),51.27 (Function Specific Target),2026-04-15 (Min),1.98%/2.63%,"9.92%, 12 days","2026-04-17 (Price: 51.28), 9.92% above",52.2946 (Historic Rise or Fall to Pivot)/55.3975 (Horizontal)/66.8401 (F-Stack 1)/79.771 (F-Stack 2)/52.63 (EMA 200)/53.5589 (Backtested Max),2026-08-13 (Max)/2026-06-04 (Avg),45.82/39.0425/45.3705/38.12/No F-Track Level/No F-Track Level/No EMA 200 Stop Loss,"100.0%, Past 14 years, 8",45.42,No Information,No Information,No Information,No Information,No Information,No Information,14.81%/5.57%/7.71%,"-0.0%, 6.26%",3 months/7 days/1.4 month,7.44%,2.85%,4.59%,2.0,0.08,78.57%/14/2.7 months (Across ALL Assets),78.95%/133/2 months (Across ALL Assets)
TRENDPULSE,"MEL.NZ, Long, 2026-02-18 (Price: 5.64)",Daily,No Exit Yet,No Price Target,2026-04-19 (Avg),4.19%/5.0%,"-1.77%, 1.9 month","2026-04-17 (Price: 5.54), 1.77% below",5.772 (Historic Rise or Fall to Pivot)/5.8171 (Avg % Gain of Historic Winning trades)/5.89 (Function Specific Target)/6.825 (Horizontal)/7.4565 (F-Stack 1)/8.4564 (F-Stack 2)/5.979 (Backtested Max),2027-01-18 (Max)/2026-04-19 (Avg),5.58/4.3875/4.8318/4.5145/No F-Track Level/No F-Track Level/No EMA 200 Stop Loss,"94.29%, Past 4 years, 35",5.6,No Information,No Information,No Information,No Information,No Information,1.07% below/1.77% below/1.77% below,6.01%/0.46%/3.14%,"6.51%, 16.22%",7.7 months/20 days/1.4 month,14.15%,2.66%,11.49%,0.0,0.14,92.31%/325/1.3 month (Across ALL Assets),77.68%/775/1.6 month (Across ALL Assets)
TRENDPULSE,"XLU, Long, 2022-03-31 (Price: 37.23)",Quarterly,2026-04-17 (Price: 46.16),46.1689 (Backtested Max),No Date Target,No Next Target,"23.99%, 4.1 years","2026-04-17 (Price: 46.16), 23.99% above",No Next Target,2028-02-04 (Max)/2026-10-24 (Avg),12.78/23.93/35.4254/30.3912/No F-Track Level/No F-Track Level/33.84,"100.0%, Past 27 years, 5",35.775,No Information,No Information,No Information,No Information,No Information,23.99% above/23.99% above/23.99% above,24.01%/15.95%/18.64%,"-0.0%, 39.64%",4.1 years/2.8 years/3.2 years,1.32%,2.9%,-1.58%,0.0,0.05,100.0%/18/2.6 years (Across ALL Assets),0.0%/3/4.1 months (Across ALL Assets)
FRACTAL TRACK,"BYD.TO, Long, 2026-03-11 (Price: 218.93)",Daily,No Exit Yet,No Price Target,2026-04-17 (Min),37.74%/43.54%,"-23.33%, 1.2 month","2026-04-17 (Price: 167.85), 23.33% below",231.1901 (Historic Rise or Fall to Pivot)/244.3916 (Avg % Gain of Historic Winning trades)/256.21 (Function Specific Target)/256.6133 (Horizontal)/367.2583 (F-Stack 1)/388.6839 (F-Stack 2)/262.6722 (Backtested Max)/240.9325 (Backtested Min),2029-03-10 (Max)/2026-09-03 (Avg),215.55/190.7867/147.1212/139.9966/No F-Track Level/No F-Track Level/216.88,"88.89%, Past 5 years, 18",220.95,No Information,No Information,No Information,"50% (Price: 217.165), 22.71% below, Upmove Bounce Back","2025-08-08 (Price: 186.1), 2026-02-11 (Price: 248.23)",No Information,19.98%/10.05%/11.63%,"1.1%, 48.71%",2.1 years/26 days/4.1 months,34.23%,-3.21%,37.44%,0.0,-0.17,91.64%/299/5 months (Across ALL Assets),46.15%/52/5.5 months (Across ALL Assets)
DELTADRIFT,"MFT.NZ, Long, 2026-04-05 (Price: 58.99)",Weekly,No Exit Yet,No Price Target,2026-04-15 (Min),9.98%/11.12%,"-3.03%, 12 days","2026-04-17 (Price: 57.2), 3.03% below",65.4258 (Historic Rise or Fall to Pivot)/64.2873 (Avg % Gain of Historic Winning trades)/64.86 (Function Specific Target)/85.45 (Horizontal)/105.252 (F-Stack 1)/119.9356 (F-Stack 2)/63.56 (EMA 200)/66.8888 (Backtested Max)/62.9069 (Backtested Min),2026-05-05 (Max)/2026-04-22 (Avg),58.66/55.185/54.7158/45.8971/No F-Track Level/No F-Track Level/No EMA 200 Stop Loss,"88.89%, Past 15 years, 9",58.89,No Information,No Information,No Information,No Information,No Information,No Information,13.39%/6.64%/8.98%,"14.48%, 14.87%",21 days/7 days/12 days,11.35%,8.97%,2.38%,2.22,0.51,78.57%/14/2.7 months (Across ALL Assets),78.95%/133/2 months (Across ALL Assets)
TRENDPULSE,"KXS.TO, Long, 2025-11-24 (Price: 175.83)",Daily,No Exit Yet,No Price Target,2026-04-16 (Max),24.36%/25.97%,"-16.39%, 4.8 months","2026-04-17 (Price: 147.02), 16.39% below",186.96 (Historic Rise or Fall to Pivot)/185.2017 (Avg % Gain of Historic Winning trades)/197.8 (Function Specific Target)/209.885 (Horizontal)/227.7644 (F-Stack 1)/245.4058 (F-Stack 2)/182.84 (EMA 200)/194.5207 (Backtested Max),No Next Date Target,170.26/126.33/151.1683/123.9058/No F-Track Level/No F-Track Level/No EMA 200 Stop Loss,"92.59%, Past 4 years, 27",174.97,No Information,No Information,No Information,No Information,No Information,16.61% below/16.39% below/16.39% below,10.63%/1.1%/5.33%,"34.17%, 47.61%",3.3 months/6 days/25 days,5.24%,3.17%,2.07%,0.0,0.2,92.31%/325/1.3 month (Across ALL Assets),77.68%/775/1.6 month (Across ALL Assets)
TRENDPULSE,"SJ.TO, Long, 2026-03-11 (Price: 97.19)",Daily,No Exit Yet,No Price Target,2026-04-16 (Avg),17.52%/19.17%,"-13.87%, 1.2 month","2026-04-17 (Price: 83.71), 13.87% below",100.0571 (Historic Rise or Fall to Pivot)/99.7558 (Avg % Gain of Historic Winning trades)/134.1 (Function Specific Target)/123.2166 (F-Stack 2)/101.5733 (Backtested Max)/98.3757 (Backtested Min),2026-11-09 (Max),92.72/38.015/87.8633/66.807/No F-Track Level/No F-Track Level/83.33,"73.33%, Past 4 years, 30",97.15,No Information,No Information,No Information,No Information,No Information,13.14% below/13.87% below/13.87% below,4.51%/1.22%/2.64%,"21.83%, 34.43%",5.6 months/4 days/25 days,5.56%,13.24%,-7.68%,0.0,0.74,92.31%/325/1.3 month (Across ALL Assets),77.68%/775/1.6 month (Across ALL Assets)
TRENDPULSE,"MX.TO, Long, 2026-03-01 (Price: 68.82)",Weekly,2026-04-17 (Price: 74.24),No Price Target,No Date Target,25.63%/41.26%,"7.88%, 1.6 month","2026-04-17 (Price: 74.24), 7.88% above",104.8718 (F-Stack 1)/122.9238 (F-Stack 2)/93.2649 (Backtested Max),2027-06-21 (Max)/2026-09-25 (Avg),47.63/38.425/68.3859/48.7635/No F-Track Level/No F-Track Level/52.74,"92.0%, Past 10 years, 25",67.08,No Information,No Information,No Information,No Information,No Information,7.88% above/7.88% above/7.88% above,35.52%/4.37%/14.26%,"12.77%, 73.13%",11 months/28 days/4.8 months,13.72%,4.92%,8.8%,0.0,0.3,91.3%/161/4.7 months (Across ALL Assets),74.55%/389/4 months (Across ALL Assets)
OSCILLATOR DELTA,"ENZL, Long, 2026-04-08 (Price: 44.43)",Daily,2026-04-17 (Price: 44.5703),No Price Target,2026-04-19 (Min),1.41%/2.33%,"0.32%, 9 days","2026-04-17 (Price: 44.5703), 0.32% above",45.8873 (Historic Rise or Fall to Pivot)/45.1986 (Avg % Gain of Historic Winning trades)/47.54 (Function Specific Target)/64.905 (Horizontal)/79.7363 (F-Stack 1)/84.688 (F-Stack 2)/45.61 (EMA 200)/46.9181 (Backtested Max),2026-09-15 (Max)/2026-04-19 (Min)/2026-05-20 (Avg),No Recent Minima/39.215/No F-Stack Support/No F-Stack Support/No F-Track Level/No F-Track Level/No EMA 200 Stop Loss,"86.36%, Past 6 years, 22",44.36,No Information,No Information,No Information,No Information,No Information,No Information,5.6%/0.28%/1.73%,"12.19%, 13.09%",3.7 months/8 days/29 days,1.07%,-0.66%,1.73%,0.0,-0.18,87.86%/140/29 days (Across ALL Assets),78.27%/497/25 days (Across ALL Assets)
SIGMASHELL,"BBTC.NS, Long, 2026-04-02 (Price: 1410.7)",Daily,No Exit Yet,1528.3524 (Historic Rise or Fall to Pivot),No Date Target,5.3%/19.05%,"8.2%, 15 days","2026-04-17 (Price: 1526.4), 8.2% above",1607.3516 (Avg % Gain of Historic Winning trades)/3412.111 (Function Specific Target)/2145.0 (Horizontal)/3412.111 (F-Stack 1)/3761.7441 (F-Stack 2)/1817.11 (EMA 200)/2102.6483 (Backtested Max),2026-12-05 (Max)/2026-06-14 (Min)/2026-08-14 (Avg),1322.0/846.25/1057.7422/973.2526/No F-Track Level/No F-Track Level/No EMA 200 Stop Loss,"88.89%, Past 5 years, 9",1381.1,"-6.11, 72.22%",No Information,No Information,No Information,No Information,No Information,49.05%/0.11%/13.94%,"12.49%, 27.11%",5.7 months/1.7 month/3.1 months,19.37%,15.8%,3.57%,0.0,0.71,61.7%/47/4.8 months (Across ALL Assets),64.05%/306/3.6 months (Across ALL Assets)
TRENDPULSE,"GRANULES.NS, Long, 2026-03-25 (Price: 629.05)",Daily,No Exit Yet,654.9669 (Avg % Gain of Historic Winning trades),2026-04-15 (Avg),5.12%/11.77%,"4.24%, 23 days","2026-04-17 (Price: 655.7), 4.24% above",732.8952 (F-Stack 1)/880.2014 (F-Stack 2)/689.2501 (Backtested Max),2026-05-16 (Max),554.35/229.525/454.1688/427.3502/No F-Track Level/No F-Track Level/541.45,"72.73%, Past 4 years, 22",612.0,No Information,No Information,No Information,No Information,No Information,8.14% above/4.24% above/4.24% above,9.57%/1.56%/4.12%,"15.65%, 34.75%",1.2 month/6 days/15 days,4.44%,17.34%,-12.9%,0.0,0.83,92.31%/325/1.3 month (Across ALL Assets),77.68%/775/1.6 month (Across ALL Assets)
BASELINEDIVERGENCE,"MAZDOCK.NS, Long, 2026-03-15 (Price: 2328.0)",Weekly,No Exit Yet,2588.15 (Horizontal)/2649.95 (EMA 200),No Date Target,33.62%/41.38%,"12.39%, 1.1 month","2026-04-17 (Price: 2616.3999), 12.39% above",3495.9576 (Historic Rise or Fall to Pivot)/3698.9592 (Avg % Gain of Historic Winning trades)/4295.3759 (Function Specific Target)/4295.3759 (F-Stack 1)/5655.9245 (F-Stack 2)/6291.6528 (Backtested Max),2027-02-12 (Max)/2026-06-14 (Min)/2026-09-13 (Avg),2224.9/112.6583/1843.1138/1261.1932/No F-Track Level/No F-Track Level/No EMA 200 Stop Loss,"84.75%, Past 5 years, 59",2488.3999,No Information,"^NSEI, Normal Case",No Information,No Information,No Information,No Information,170.26%/0.38%/58.89%,"6.25%, 28.55%",7.7 months/2.1 months/4.2 months,95.61%,52.74%,42.87%,0.0,2.02,74.36%/39/3.3 months (Across ALL Assets),64.9%/396/3.4 months (Across ALL Assets)
TRENDPULSE,"PERSISTENT.NS, Long, 2025-11-20 (Price: 6350.5)",Daily,No Exit Yet,No Price Target,2026-04-16 (Max),22.87%/24.14%,"-14.24%, 4.9 months","2026-04-17 (Price: 5446.5), 14.24% below",6761.3773 (Historic Rise or Fall to Pivot)/6692.1569 (Avg % Gain of Historic Winning trades)/9946.3 (Function Specific Target)/9957.5854 (F-Stack 1)/15965.083 (F-Stack 2)/7238.9349 (Backtested Max),No Next Date Target,5781.0/1548.5125/6244.7475/3950.0879/No F-Track Level/No F-Track Level/5523.09,"74.07%, Past 4 years, 27",6316.0,No Information,No Information,No Information,No Information,No Information,13.77% below/14.24% below/14.24% below,13.99%/0.64%/5.38%,"7.08%, 34.03%",3.4 months/6 days/26 days,19.88%,42.44%,-22.56%,0.0,2.06,92.31%/325/1.3 month (Across ALL Assets),77.68%/775/1.6 month (Across ALL Assets)
TRENDPULSE,"TRI.TO, Short, 2026-04-10 (Price: 115.28)",Daily,2026-04-15 (Price: 126.91),No Price Target,2026-04-18 (Min),-45.56%/-27.02%,"-10.56%, 7 days","2026-04-17 (Price: 127.45), 10.56% above",109.3892 (Historic Rise or Fall to Pivot)/108.2133 (Avg % Gain of Historic Winning trades)/107.5 (Function Specific Target)/93.0152 (F-Stack 1)/69.3828 (F-Stack 2),2026-07-27 (Max)/2026-04-18 (Min)/2026-05-16 (Avg),151.44/240.8933/293.2329/455.2123/No F-Track Level/No F-Track Level/197.43,"96.88%, Past 4 years, 32",117.63,No Information,No Information,No Information,No Information,No Information,6.9% above/10.56% above/10.56% above,20.91%/0.24%/6.13%,"8.08%, 21.08%",2.5 months/6 days/25 days,16.92%,4.02%,12.9%,0.0,0.11,92.0%/25/16 days (Across ALL Assets),42.11%/19/13 days (Across ALL Assets)
TRENDPULSE,"TRI.TO, Short, 2026-01-31 (Price: 150.45)",Monthly,No Exit Yet,126.1128 (Horizontal),No Date Target,-38.73%/-27.02%,"15.29%, 2.5 months","2026-04-17 (Price: 127.45), 15.29% below",113.3791 (Avg % Gain of Historic Winning trades)/78.09 (Function Specific Target)/93.0152 (F-Stack 2),2026-10-23 (Max)/2026-09-05 (Min)/2026-09-13 (Avg),278.08/240.8933/293.2329/455.2123/No F-Track Level/No F-Track Level/229.74,"87.5%, Past 20 years, 8",181.7,No Information,No Information,No Information,No Information,No Information,32.76% below/15.29% below/15.29% below,41.9%/7.99%/24.64%,"41.99%, 41.9%",6.1 months/5 months/5.2 months,8.2%,4.79%,3.41%,0.0,0.24,100.0%/3/6.1 months (Across ALL Assets),0.0%/6/6.4 months (Across ALL Assets)
TRENDPULSE,"INDY, Short, 2026-03-29 (Price: 41.24)",Weekly,2026-04-17 (Price: 45.49),No Price Target,No Date Target,-33.28%/-22.31%,"-10.31%, 19 days","2026-04-17 (Price: 45.49), 10.31% above",40.8523 (Historic Rise or Fall to Pivot)/40.0234 (Avg % Gain of Historic Winning trades)/35.34 (Function Specific Target)/40.5875 (Horizontal)/37.969 (F-Stack 1)/30.3493 (F-Stack 2)/41.838 (Backtested Min),2026-07-28 (Max)/2026-05-20 (Min)/2026-06-06 (Avg),53.77/54.474/60.9145/68.1277/No F-Track Level/No F-Track Level/50.65,"85.71%, Past 10 years, 14",42.79,No Information,No Information,No Information,No Information,No Information,5.4% above/10.31% above/10.31% above,6.33%/1.45%/2.95%,"8.71%, 22.19%",2.8 months/1.2 month/1.6 month,5.16%,4.79%,0.37%,0.0,0.0,80.0%/5/2.2 months (Across ALL Assets),29.41%/17/1.3 month (Across ALL Assets)
TRENDPULSE,"INDY, Short, 2026-03-15 (Price: 43.16)",Weekly,2026-04-17 (Price: 45.49),No Price Target,No Date Target,-33.28%/-16.53%,"-5.4%, 1.1 month","2026-04-17 (Price: 45.49), 5.4% above",38.41 (Function Specific Target)/40.5875 (Horizontal)/37.969 (F-Stack 1)/30.3493 (F-Stack 2),2026-07-14 (Max)/2026-05-06 (Min)/2026-05-23 (Avg),53.77/54.474/60.9145/68.1277/No F-Track Level/No F-Track Level/51.19,"85.71%, Past 10 years, 14",44.53,No Information,No Information,No Information,No Information,No Information,5.4% above/2.59% above/5.4% above,6.33%/1.45%/2.95%,"8.71%, 22.19%",2.8 months/1.2 month/1.6 month,5.16%,4.79%,0.37%,0.0,0.0,80.0%/5/2.2 months (Across ALL Assets),29.41%/17/1.3 month (Across ALL Assets)
FRACTAL TRACK,"GOOG, Short, 2026-03-31 (Price: 286.86)",Quarterly,2026-04-17 (Price: 339.4),No Price Target,No Date Target,-75.1%/-62.63%,"-18.32%, 17 days","2026-04-17 (Price: 339.4), 18.32% above",245.753 (Avg % Gain of Historic Winning trades)/126.84 (Function Specific Target)/84.51 (Horizontal)/285.4807 (F-Stack 1)/240.3589 (F-Stack 2)/272.84 (EMA 200),No Next Date Target,313.8/No Horizontal Resistance/345.4418/365.3613/No F-Track Level/No F-Track Level/No EMA 200 Stop Loss,"100.0%, Past 21 years, 4",317.59,No Information,No Information,No Information,"23.66% (Price: 287.0488), 18.24% above, Upmove Break Below","2022-12-31 (Price: 83.45), 2026-03-31 (Price: 350.15)",No Information,23.19%/7.72%/14.33%,"0.0%, 23.19%",3.1 months/3.1 months/3.1 months,6.79%,4.88%,1.91%,5.77,0.76,100.0%/5/4.3 months (Across ALL Assets),53.85%/13/2.1 months (Across ALL Assets)
DELTADRIFT,"AMZN, Short, 2026-04-15 (Price: 248.5)",Daily,No Exit Yet,No Price Target,2026-04-19 (Min),-65.28%/-14.94%,"-0.83%, 2 days","2026-04-17 (Price: 250.56), 0.83% above",232.4966 (Historic Rise or Fall to Pivot)/242.3372 (Avg % Gain of Historic Winning trades)/237.42 (Function Specific Target)/86.995 (Horizontal)/231.81 (F-Stack 1)/213.1321 (F-Stack 2)/225.58 (EMA 200),2026-05-19 (Max)/2026-04-19 (Min)/2026-04-30 (Avg),249.02/No Horizontal Resistance/317.6152/339.3352/No F-Track Level/No F-Track Level/No EMA 200 Stop Loss,"100.0%, Past 4 years, 6",249.25,No Information,No Information,No Information,No Information,No Information,No Information,5.38%/0.94%/2.48%,"0%, 7.98%",24 days/3 days/11 days,7.68%,3.82%,3.86%,0.88,0.22,88.24%/34/4 days (Across ALL Assets),66.92%/130/6 days (Across ALL Assets)
TRENDPULSE,"ORCL, Short, 2026-04-08 (Price: 143.66)",Daily,2026-04-13 (Price: 155.62),No Price Target,2026-04-18 (Min),-52.71%/-49.14%,"-21.86%, 9 days","2026-04-17 (Price: 175.06), 21.86% above",131.6788 (Historic Rise or Fall to Pivot)/134.6813 (Avg % Gain of Historic Winning trades)/89.04 (Function Specific Target)/82.7925 (Horizontal)/117.4897 (F-Stack 1)/106.3198 (F-Stack 2),2026-05-06 (Max)/2026-04-18 (Min)/2026-04-23 (Avg),163.12/No Horizontal Resistance/300.069/376.1425/No F-Track Level/No F-Track Level/217.25,"90.0%, Past 4 years, 10",150.3,No Information,No Information,No Information,No Information,No Information,21.86% above/21.86% above/21.86% above,11.05%/3.55%/6.25%,"9.62%, 15.22%",20 days/7 days/11 days,11.44%,4.02%,7.42%,6.61,0.62,92.0%/25/16 days (Across ALL Assets),42.11%/19/13 days (Across ALL Assets)
DELTADRIFT,"QQQ, Short, 2026-04-16 (Price: 640.47)",Daily,No Exit Yet,No Price Target,2026-04-17 (Min),-60.39%/-13.17%,"-1.31%, 1 day","2026-04-17 (Price: 648.85), 1.31% above",630.3506 (Historic Rise or Fall to Pivot)/633.8732 (Avg % Gain of Historic Winning trades)/632.11 (Function Specific Target)/256.995 (Horizontal)/610.7303 (F-Stack 1)/563.3658 (F-Stack 2)/598.89 (EMA 200),2026-04-24 (Max)/2026-04-20 (Avg),No Recent Maxima/No Horizontal Resistance/836.2536/910.0135/No F-Track Level/No F-Track Level/No EMA 200 Stop Loss,"85.71%, Past 4 years, 7",639.215,No Information,No Information,No Information,No Information,No Information,No Information,1.64%/0.69%/1.03%,"2.57%, 1.72%",6 days/1 day/3 days,4.6%,3.82%,0.78%,-4.4,0.47,88.24%/34/4 days (Across ALL Assets),66.92%/130/6 days (Across ALL Assets)
FRACTAL TRACK,"HDB, Short, 2026-03-31 (Price: 24.88)",Quarterly,2026-04-17 (Price: 27.51),No Price Target,No Date Target,-48.86%/-41.19%,"-10.57%, 17 days","2026-04-17 (Price: 27.51), 10.57% above",21.5013 (Avg % Gain of Historic Winning trades)/16.18 (Function Specific Target)/21.1884 (F-Stack 1)/14.0692 (F-Stack 2),2027-04-30 (Max)/2026-08-08 (Min)/2026-10-16 (Avg),38.34/39.3812/40.717/51.346/No F-Track Level/No F-Track Level/34.18,"87.5%, Past 26 years, 8",36.65,No Information,No Information,No Information,"88.6% (Price: 26.958), 2.05% above, Upmove Break Below","2022-06-30 (Price: 25.305), 2025-09-30 (Price: 39.805)",No Information,27.06%/5.75%/13.58%,"11.89%, 27.06%",9.1 months/3 months/4.6 months,7.12%,4.88%,2.24%,1.53,0.52,100.0%/5/4.3 months (Across ALL Assets),53.85%/13/2.1 months (Across ALL Assets)
TRENDPULSE,"SPOT, Short, 2026-03-20 (Price: 474.54)",Daily,2026-04-14 (Price: 511.36),No Price Target,2026-04-19 (Max),-77.9%/-48.05%,"-13.08%, 28 days","2026-04-17 (Price: 536.61), 13.08% above",456.7922 (Historic Rise or Fall to Pivot)/456.1278 (Avg % Gain of Historic Winning trades)/278.75 (Function Specific Target)/118.6 (Horizontal)/456.7863 (F-Stack 1)/433.8097 (F-Stack 2),2026-04-19 (Max),565.19/No Horizontal Resistance/854.3544/896.959/No F-Track Level/No F-Track Level/625.21,"88.24%, Past 4 years, 17",479.38,No Information,No Information,No Information,No Information,No Information,3.85% above/13.08% above/13.08% above,6.21%/0.91%/3.88%,"11.41%, 12.38%",21 days/7 days/14 days,-0.76%,4.02%,-4.78%,0.0,0.74,92.0%/25/16 days (Across ALL Assets),42.11%/19/13 days (Across ALL Assets)
DELTADRIFT,"CNR.TO, Short, 2026-04-13 (Price: 152.89)",Daily,2026-04-15 (Price: 150.97),No Price Target,2026-04-15 (Min),-42.57%/-15.17%,"1.13%, 4 days","2026-04-17 (Price: 151.16), 1.13% below",148.0128 (Historic Rise or Fall to Pivot)/148.87 (Function Specific Target)/128.224 (Horizontal)/136.9828 (F-Stack 1)/86.815 (F-Stack 2)/136.9 (EMA 200),2026-05-23 (Max)/2026-04-28 (Avg),154.51/168.08/218.156/349.4971/No F-Track Level/No F-Track Level/No EMA 200 Stop Loss,"100.0%, Past 4 years, 6",151.87,No Information,No Information,No Information,No Information,No Information,No Information,3.03%/0.97%/2.07%,"0%, 5.6%",28 days/2 days/11 days,6.96%,3.82%,3.14%,2.95,-0.13,88.24%/34/4 days (Across ALL Assets),66.92%/130/6 days (Across ALL Assets)
DELTADRIFT,"MX.TO, Short, 2026-04-12 (Price: 82.76)",Weekly,2026-04-17 (Price: 74.24),No Price Target,No Date Target,-48.24%/-21.85%,"10.29%, 5 days","2026-04-17 (Price: 74.24), 10.29% below",38.425 (Horizontal)/69.4599 (F-Stack 2)/58.02 (EMA 200),2026-06-03 (Max)/2026-04-22 (Min)/2026-05-06 (Avg),90.57/No Horizontal Resistance/104.8718/111.623/No F-Track Level/No F-Track Level/No EMA 200 Stop Loss,"83.33%, Past 15 years, 6",83.68,No Information,No Information,No Information,No Information,No Information,No Information,7.4%/2.52%/4.94%,"13.78%, 12.66%",1.2 month/7 days/17 days,4.0%,4.79%,-0.79%,-0.65,0.3,91.67%/12/29 days (Across ALL Assets),70.59%/34/1 month (Across ALL Assets)
DELTADRIFT,"SOXX, Short, 2026-04-14 (Price: 401.24)",Daily,No Exit Yet,No Price Target,2026-04-15 (Min)/2026-04-19 (Avg),-73.42%/-27.9%,"-3.61%, 3 days","2026-04-17 (Price: 415.71), 3.61% above",389.7244 (Avg % Gain of Historic Winning trades)/399.7 (Function Specific Target)/110.475 (Horizontal)/348.2242 (F-Stack 1)/301.3628 (F-Stack 2)/299.71 (EMA 200),2026-05-12 (Max)/2026-04-19 (Avg),No Recent Maxima/No Horizontal Resistance/411.0319/449.8184/No F-Track Level/No F-Track Level/No EMA 200 Stop Loss,"88.89%, Past 4 years, 9",397.84,No Information,No Information,No Information,No Information,No Information,No Information,4.31%/1.52%/2.87%,"3.28%, 6.71%",20 days/1 day/4 days,8.75%,3.82%,4.93%,-0.42,0.61,88.24%/34/4 days (Across ALL Assets),66.92%/130/6 days (Across ALL Assets)
